"id_paper","author","main_author"
1,"a1",TRUE
1,"a2",FALSE
1,"a3",FALSE
1,"a4",FALSE
1,"a5",FALSE
1,"a6",FALSE
1,"a7",FALSE
1,"a8",FALSE
1,"a9",FALSE
1,"a10",FALSE
4,"a11",TRUE
5,"a12",TRUE
5,"a13",FALSE
6,"a14",TRUE
6,"a15",FALSE
6,"a16",FALSE
7,"a11",TRUE
8,"a11",TRUE
9,"a17",TRUE
9,"a18",FALSE
9,"a19",FALSE
10,"a11",TRUE
10,"a20",FALSE
11,"a11",TRUE
12,"a11",TRUE
13,"a17",TRUE
13,"a11",FALSE
13,"a16",FALSE
14,"a11",TRUE
15,"a21",TRUE
15,"a14",FALSE
16,"a13",TRUE
17,"a22",TRUE
17,"a23",FALSE
18,"a24",TRUE
18,"a25",FALSE
18,"a26",FALSE
18,"a27",FALSE
19,"a28",TRUE
20,"a24",TRUE
20,"a25",FALSE
20,"a26",FALSE
21,"a23",TRUE
22,"a29",TRUE
23,"a30",TRUE
24,"a31",TRUE
24,"a32",FALSE
25,"a33",TRUE
25,"a34",FALSE
25,"a35",FALSE
26,"a36",TRUE
26,"a37",FALSE
26,"a38",FALSE
27,"a39",TRUE
28,"a40",TRUE
28,"a41",FALSE
29,"a42",TRUE
29,"a43",FALSE
30,"a44",TRUE
31,"a45",TRUE
32,"a46",TRUE
32,"a47",FALSE
32,"a41",FALSE
32,"a48",FALSE
32,"a30",FALSE
33,"a41",TRUE
33,"a49",FALSE
33,"a30",FALSE
35,"a50",TRUE
36,"a48",TRUE
37,"a51",TRUE
38,"a52",TRUE
39,"a53",TRUE
40,"a38",TRUE
41,"a47",TRUE
41,"a54",FALSE
42,"a46",TRUE
42,"a41",FALSE
42,"a48",FALSE
43,"a47",TRUE
43,"a30",FALSE
44,"a55",TRUE
44,"a35",FALSE
45,"a33",TRUE
46,"a56",TRUE
47,"a42",TRUE
47,"a57",FALSE
48,"a58",TRUE
49,"a31",TRUE
50,"a59",TRUE
51,"a60",TRUE
52,"a33",TRUE
52,"a53",FALSE
53,"a61",TRUE
54,"a33",TRUE
54,"a35",FALSE
55,"a62",TRUE
56,"a63",TRUE
57,"a64",TRUE
57,"a65",FALSE
57,"a66",FALSE
57,"a67",FALSE
58,"a68",TRUE
59,"a39",TRUE
60,"a69",TRUE
61,"a33",TRUE
61,"a35",FALSE
62,"a70",TRUE
63,"a71",TRUE
63,"a72",FALSE
63,"a38",FALSE
64,"a73",TRUE
65,"a74",TRUE
66,"a44",TRUE
67,"a54",TRUE
67,"a75",FALSE
68,"a76",TRUE
69,"a69",TRUE
70,"a53",TRUE
71,"a77",TRUE
72,"a78",TRUE
72,"a79",FALSE
73,"a50",TRUE
73,"a69",FALSE
74,"a80",TRUE
75,"a81",TRUE
76,"a82",TRUE
76,"a83",FALSE
76,"a84",FALSE
77,"a85",TRUE
77,"a78",FALSE
77,"a79",FALSE
78,"a86",TRUE
79,"a66",TRUE
80,"a87",TRUE
80,"a88",FALSE
81,"a89",TRUE
82,"a90",TRUE
82,"a91",FALSE
83,"a44",TRUE
84,"a75",TRUE
85,"a92",TRUE
85,"a63",FALSE
85,"a93",FALSE
86,"a94",TRUE
87,"a95",TRUE
88,"a33",TRUE
88,"a35",FALSE
89,"a33",TRUE
89,"a50",FALSE
90,"a44",TRUE
90,"a96",FALSE
91,"a85",TRUE
92,"a53",TRUE
93,"a97",TRUE
94,"a98",TRUE
95,"a47",TRUE
95,"a48",FALSE
97,"a99",TRUE
98,"a100",TRUE
99,"a71",TRUE
99,"a101",FALSE
99,"a102",FALSE
99,"a38",FALSE
100,"a55",TRUE
101,"a103",TRUE
101,"a61",FALSE
102,"a99",TRUE
103,"a55",TRUE
103,"a35",FALSE
104,"a104",TRUE
105,"a105",TRUE
105,"a106",FALSE
105,"a107",FALSE
105,"a108",FALSE
106,"a37",TRUE
107,"a70",TRUE
108,"a109",TRUE
109,"a33",TRUE
109,"a50",FALSE
110,"a110",TRUE
112,"a111",TRUE
113,"a112",TRUE
114,"a83",TRUE
115,"a113",TRUE
116,"a48",TRUE
117,"a114",TRUE
117,"a115",FALSE
118,"a42",TRUE
119,"a116",TRUE
120,"a117",TRUE
120,"a118",FALSE
121,"a119",TRUE
122,"a120",TRUE
123,"a50",TRUE
124,"a30",TRUE
125,"a121",TRUE
126,"a122",TRUE
126,"a106",FALSE
126,"a123",FALSE
126,"a124",FALSE
126,"a125",FALSE
127,"a126",TRUE
128,"a69",TRUE
128,"a127",FALSE
129,"a51",TRUE
130,"a46",TRUE
131,"a118",TRUE
131,"a51",FALSE
132,"a31",TRUE
132,"a55",FALSE
132,"a128",FALSE
133,"a89",TRUE
133,"a129",FALSE
134,"a82",TRUE
134,"a130",FALSE
135,"a73",TRUE
136,"a131",TRUE
137,"a132",TRUE
138,"a133",TRUE
138,"a134",FALSE
139,"a61",TRUE
140,"a51",TRUE
141,"a77",TRUE
142,"a135",TRUE
144,"a44",TRUE
144,"a39",FALSE
144,"a136",FALSE
144,"a45",FALSE
144,"a31",FALSE
144,"a137",FALSE
144,"a59",FALSE
144,"a69",FALSE
144,"a129",FALSE
144,"a54",FALSE
144,"a138",FALSE
145,"a69",TRUE
146,"a61",TRUE
147,"a139",TRUE
148,"a140",TRUE
149,"a141",TRUE
149,"a33",FALSE
150,"a33",TRUE
151,"a33",TRUE
151,"a31",FALSE
151,"a118",FALSE
151,"a69",FALSE
151,"a54",FALSE
151,"a35",FALSE
152,"a98",TRUE
153,"a142",TRUE
153,"a118",FALSE
154,"a70",TRUE
155,"a143",TRUE
155,"a144",FALSE
155,"a145",FALSE
156,"a90",TRUE
156,"a146",FALSE
156,"a107",FALSE
156,"a147",FALSE
157,"a85",TRUE
157,"a35",FALSE
158,"a50",TRUE
159,"a148",TRUE
159,"a149",FALSE
160,"a67",TRUE
161,"a150",TRUE
162,"a64",TRUE
163,"a151",TRUE
164,"a33",TRUE
164,"a152",FALSE
164,"a69",FALSE
164,"a35",FALSE
164,"a128",FALSE
165,"a84",TRUE
166,"a120",TRUE
167,"a33",TRUE
167,"a53",FALSE
168,"a153",TRUE
169,"a96",TRUE
170,"a30",TRUE
171,"a54",TRUE
172,"a113",TRUE
173,"a141",TRUE
173,"a33",FALSE
173,"a154",FALSE
174,"a33",TRUE
174,"a35",FALSE
175,"a60",TRUE
175,"a155",FALSE
175,"a156",FALSE
175,"a157",FALSE
176,"a93",TRUE
177,"a42",TRUE
178,"a33",TRUE
178,"a158",FALSE
178,"a53",FALSE
179,"a30",TRUE
180,"a41",TRUE
181,"a159",TRUE
182,"a30",TRUE
183,"a67",TRUE
184,"a33",TRUE
184,"a152",FALSE
184,"a35",FALSE
184,"a128",FALSE
185,"a160",TRUE
186,"a161",TRUE
186,"a42",FALSE
187,"a162",TRUE
188,"a163",TRUE
189,"a98",TRUE
190,"a92",TRUE
190,"a77",FALSE
191,"a33",TRUE
191,"a158",FALSE
191,"a164",FALSE
192,"a31",TRUE
192,"a34",FALSE
192,"a95",FALSE
192,"a54",FALSE
194,"a165",TRUE
195,"a45",TRUE
196,"a72",TRUE
196,"a166",FALSE
197,"a30",TRUE
198,"a167",TRUE
198,"a128",FALSE
199,"a168",TRUE
200,"a169",TRUE
200,"a170",FALSE
200,"a171",FALSE
200,"a172",FALSE
200,"a173",FALSE
200,"a174",FALSE
200,"a79",FALSE
201,"a175",TRUE
202,"a69",TRUE
202,"a128",FALSE
203,"a33",TRUE
203,"a158",FALSE
203,"a176",FALSE
204,"a176",TRUE
205,"a118",TRUE
205,"a177",FALSE
206,"a161",TRUE
207,"a178",TRUE
208,"a73",TRUE
208,"a51",FALSE
209,"a153",TRUE
209,"a38",FALSE
210,"a179",TRUE
211,"a180",TRUE
212,"a30",TRUE
213,"a53",TRUE
214,"a84",TRUE
214,"a181",FALSE
215,"a182",TRUE
216,"a183",TRUE
217,"a155",TRUE
218,"a184",TRUE
219,"a35",TRUE
220,"a127",TRUE
221,"a99",TRUE
222,"a67",TRUE
223,"a81",TRUE
224,"a53",TRUE
225,"a83",TRUE
226,"a185",TRUE
227,"a186",TRUE
228,"a92",TRUE
228,"a187",FALSE
228,"a77",FALSE
229,"a35",TRUE
230,"a188",TRUE
230,"a30",FALSE
231,"a126",TRUE
232,"a179",TRUE
232,"a189",FALSE
233,"a53",TRUE
234,"a147",TRUE
234,"a190",FALSE
235,"a191",TRUE
236,"a33",TRUE
236,"a35",FALSE
238,"a87",TRUE
238,"a192",FALSE
238,"a193",FALSE
238,"a88",FALSE
239,"a194",TRUE
240,"a45",TRUE
240,"a67",FALSE
241,"a195",TRUE
241,"a133",FALSE
241,"a107",FALSE
242,"a50",TRUE
243,"a118",TRUE
244,"a161",TRUE
245,"a167",TRUE
245,"a196",FALSE
246,"a197",TRUE
247,"a198",TRUE
248,"a51",TRUE
249,"a49",TRUE
250,"a95",TRUE
251,"a199",TRUE
251,"a200",FALSE
252,"a113",TRUE
253,"a201",TRUE
254,"a47",TRUE
255,"a202",TRUE
255,"a203",FALSE
256,"a204",TRUE
256,"a160",FALSE
257,"a205",TRUE
258,"a206",TRUE
259,"a207",TRUE
259,"a208",FALSE
260,"a209",TRUE
261,"a210",TRUE
261,"a211",FALSE
261,"a212",FALSE
262,"a213",TRUE
263,"a214",TRUE
264,"a215",TRUE
265,"a216",TRUE
265,"a217",FALSE
266,"a215",TRUE
267,"a218",TRUE
268,"a219",TRUE
268,"a220",FALSE
268,"a221",FALSE
269,"a222",TRUE
269,"a223",FALSE
269,"a224",FALSE
270,"a225",TRUE
271,"a225",TRUE
272,"a210",TRUE
272,"a212",FALSE
273,"a226",TRUE
275,"a227",TRUE
275,"a210",FALSE
276,"a228",TRUE
276,"a229",FALSE
276,"a230",FALSE
276,"a231",FALSE
277,"a209",TRUE
278,"a225",TRUE
279,"a232",TRUE
279,"a233",FALSE
279,"a234",FALSE
279,"a235",FALSE
280,"a236",TRUE
281,"a237",TRUE
281,"a238",FALSE
282,"a209",TRUE
283,"a239",TRUE
283,"a240",FALSE
284,"a236",TRUE
285,"a210",TRUE
285,"a241",FALSE
286,"a210",TRUE
286,"a211",FALSE
287,"a242",TRUE
288,"a243",TRUE
289,"a244",TRUE
289,"a238",FALSE
290,"a214",TRUE
291,"a245",TRUE
291,"a246",FALSE
291,"a210",FALSE
291,"a211",FALSE
292,"a247",TRUE
292,"a248",FALSE
293,"a249",TRUE
293,"a250",FALSE
294,"a210",TRUE
294,"a251",FALSE
295,"a206",TRUE
296,"a225",TRUE
297,"a252",TRUE
297,"a213",FALSE
297,"a253",FALSE
298,"a254",TRUE
298,"a215",FALSE
298,"a248",FALSE
299,"a250",TRUE
300,"a255",TRUE
301,"a256",TRUE
301,"a257",FALSE
302,"a254",TRUE
302,"a258",FALSE
302,"a248",FALSE
303,"a259",TRUE
304,"a209",TRUE
305,"a260",TRUE
305,"a261",FALSE
305,"a262",FALSE
305,"a263",FALSE
306,"a236",TRUE
307,"a264",TRUE
308,"a215",TRUE
308,"a248",FALSE
309,"a265",TRUE
310,"a266",TRUE
311,"a267",TRUE
312,"a268",TRUE
313,"a215",TRUE
314,"a210",TRUE
314,"a269",FALSE
315,"a270",TRUE
315,"a271",FALSE
316,"a210",TRUE
316,"a272",FALSE
316,"a211",FALSE
317,"a273",TRUE
318,"a225",TRUE
319,"a246",TRUE
319,"a210",FALSE
320,"a225",TRUE
321,"a223",TRUE
321,"a224",FALSE
322,"a227",TRUE
322,"a210",FALSE
322,"a274",FALSE
323,"a225",TRUE
323,"a275",FALSE
324,"a276",TRUE
324,"a223",FALSE
324,"a277",FALSE
325,"a223",TRUE
325,"a224",FALSE
326,"a258",TRUE
326,"a248",FALSE
327,"a278",TRUE
327,"a279",FALSE
328,"a280",TRUE
329,"a245",TRUE
329,"a210",FALSE
329,"a211",FALSE
330,"a259",TRUE
331,"a206",TRUE
332,"a210",TRUE
332,"a212",FALSE
333,"a223",TRUE
333,"a281",FALSE
333,"a224",FALSE
334,"a228",TRUE
334,"a230",FALSE
335,"a227",TRUE
335,"a210",FALSE
335,"a282",FALSE
336,"a239",TRUE
336,"a240",FALSE
337,"a220",TRUE
337,"a283",FALSE
338,"a236",TRUE
338,"a284",FALSE
339,"a217",TRUE
340,"a223",TRUE
340,"a277",FALSE
341,"a259",TRUE
342,"a237",TRUE
342,"a238",FALSE
343,"a244",TRUE
343,"a223",FALSE
344,"a285",TRUE
344,"a240",FALSE
345,"a228",TRUE
345,"a230",FALSE
346,"a236",TRUE
346,"a284",FALSE
347,"a225",TRUE
347,"a286",FALSE
348,"a245",TRUE
348,"a210",FALSE
349,"a215",TRUE
349,"a248",FALSE
350,"a287",TRUE
351,"a227",TRUE
351,"a210",FALSE
351,"a288",FALSE
352,"a248",TRUE
352,"a289",FALSE
353,"a210",TRUE
353,"a290",FALSE
353,"a291",FALSE
354,"a265",TRUE
354,"a230",FALSE
355,"a236",TRUE
356,"a292",TRUE
357,"a213",TRUE
358,"a293",TRUE
358,"a259",FALSE
359,"a243",TRUE
360,"a266",TRUE
361,"a210",TRUE
361,"a291",FALSE
362,"a242",TRUE
362,"a294",FALSE
363,"a295",TRUE
363,"a255",FALSE
363,"a296",FALSE
364,"a255",TRUE
365,"a256",TRUE
365,"a297",FALSE
365,"a257",FALSE
366,"a273",TRUE
367,"a236",TRUE
368,"a210",TRUE
368,"a298",FALSE
369,"a268",TRUE
369,"a240",FALSE
370,"a206",TRUE
371,"a228",TRUE
371,"a230",FALSE
372,"a213",TRUE
373,"a299",TRUE
373,"a259",FALSE
373,"a300",FALSE
374,"a301",TRUE
374,"a302",FALSE
374,"a236",FALSE
375,"a295",TRUE
376,"a303",TRUE
377,"a220",TRUE
377,"a216",FALSE
378,"a210",TRUE
378,"a304",FALSE
379,"a227",TRUE
379,"a210",FALSE
379,"a282",FALSE
380,"a305",TRUE
380,"a306",FALSE
380,"a270",FALSE
380,"a271",FALSE
381,"a206",TRUE
382,"a278",TRUE
382,"a279",FALSE
383,"a213",TRUE
383,"a307",FALSE
384,"a308",TRUE
384,"a223",FALSE
385,"a250",TRUE
385,"a240",FALSE
386,"a210",TRUE
386,"a211",FALSE
387,"a240",TRUE
388,"a228",TRUE
388,"a230",FALSE
389,"a309",TRUE
389,"a223",FALSE
389,"a224",FALSE
390,"a301",TRUE
390,"a236",FALSE
391,"a225",TRUE
392,"a228",TRUE
392,"a230",FALSE
393,"a246",TRUE
393,"a210",FALSE
394,"a236",TRUE
395,"a310",TRUE
395,"a220",FALSE
396,"a250",TRUE
397,"a236",TRUE
397,"a311",FALSE
398,"a265",TRUE
399,"a228",TRUE
399,"a230",FALSE
400,"a270",TRUE
400,"a271",FALSE
401,"a228",TRUE
401,"a230",FALSE
402,"a280",TRUE
403,"a227",TRUE
403,"a210",FALSE
404,"a228",TRUE
404,"a230",FALSE
405,"a312",TRUE
406,"a210",TRUE
406,"a313",FALSE
407,"a220",TRUE
407,"a314",FALSE
408,"a210",TRUE
408,"a282",FALSE
409,"a210",TRUE
409,"a241",FALSE
410,"a225",TRUE
410,"a315",FALSE
411,"a316",TRUE
412,"a225",TRUE
413,"a227",TRUE
413,"a210",FALSE
413,"a282",FALSE
414,"a266",TRUE
415,"a214",TRUE
416,"a317",TRUE
417,"a292",TRUE
418,"a216",TRUE
418,"a217",FALSE
419,"a250",TRUE
419,"a318",FALSE
419,"a240",FALSE
420,"a225",TRUE
420,"a319",FALSE
421,"a225",TRUE
422,"a320",TRUE
422,"a321",FALSE
423,"a210",TRUE
423,"a211",FALSE
423,"a212",FALSE
424,"a259",TRUE
425,"a210",TRUE
425,"a290",FALSE
425,"a291",FALSE
426,"a217",TRUE
427,"a250",TRUE
427,"a240",FALSE
428,"a266",TRUE
429,"a208",TRUE
430,"a213",TRUE
430,"a210",FALSE
430,"a322",FALSE
430,"a304",FALSE
431,"a246",TRUE
431,"a210",FALSE
432,"a323",TRUE
432,"a223",FALSE
433,"a223",TRUE
433,"a224",FALSE
434,"a225",TRUE
435,"a259",TRUE
435,"a324",FALSE
436,"a227",TRUE
436,"a210",FALSE
437,"a240",TRUE
438,"a218",TRUE
439,"a325",TRUE
440,"a227",TRUE
440,"a210",FALSE
441,"a240",TRUE
441,"a326",FALSE
441,"a327",FALSE
442,"a328",TRUE
442,"a329",FALSE
443,"a316",TRUE
444,"a219",TRUE
444,"a220",FALSE
445,"a217",TRUE
446,"a225",TRUE
446,"a319",FALSE
447,"a223",TRUE
447,"a224",FALSE
448,"a215",TRUE
449,"a236",TRUE
450,"a213",TRUE
450,"a330",FALSE
450,"a312",FALSE
451,"a270",TRUE
452,"a225",TRUE
453,"a236",TRUE
454,"a215",TRUE
454,"a248",FALSE
455,"a213",TRUE
456,"a225",TRUE
456,"a286",FALSE
456,"a331",FALSE
456,"a332",FALSE
457,"a214",TRUE
458,"a259",TRUE
459,"a333",TRUE
460,"a225",TRUE
461,"a210",TRUE
461,"a282",FALSE
463,"a239",TRUE
463,"a240",FALSE
464,"a213",TRUE
464,"a334",FALSE
465,"a242",TRUE
465,"a294",FALSE
466,"a210",TRUE
466,"a241",FALSE
467,"a225",TRUE
468,"a259",TRUE
469,"a228",TRUE
469,"a230",FALSE
470,"a208",TRUE
471,"a213",TRUE
471,"a312",FALSE
472,"a240",TRUE
472,"a335",FALSE
472,"a336",FALSE
473,"a210",TRUE
473,"a304",FALSE
474,"a236",TRUE
475,"a210",TRUE
476,"a210",TRUE
476,"a337",FALSE
476,"a338",FALSE
477,"a339",TRUE
477,"a296",FALSE
478,"a210",TRUE
478,"a241",FALSE
479,"a210",TRUE
479,"a211",FALSE
480,"a340",TRUE
481,"a259",TRUE
482,"a258",TRUE
482,"a215",FALSE
482,"a248",FALSE
483,"a341",TRUE
483,"a342",FALSE
483,"a343",FALSE
483,"a208",FALSE
484,"a312",TRUE
485,"a259",TRUE
486,"a265",TRUE
486,"a230",FALSE
487,"a227",TRUE
487,"a210",FALSE
488,"a256",TRUE
488,"a344",FALSE
489,"a227",TRUE
489,"a210",FALSE
490,"a260",TRUE
490,"a345",FALSE
490,"a263",FALSE
490,"a346",FALSE
491,"a347",TRUE
491,"a240",FALSE
492,"a348",TRUE
492,"a328",FALSE
492,"a329",FALSE
493,"a210",TRUE
493,"a291",FALSE
494,"a240",TRUE
494,"a335",FALSE
495,"a225",TRUE
496,"a248",TRUE
497,"a215",TRUE
497,"a248",FALSE
498,"a250",TRUE
499,"a236",TRUE
500,"a223",TRUE
500,"a224",FALSE
501,"a206",TRUE
502,"a349",TRUE
502,"a236",FALSE
503,"a329",TRUE
504,"a350",TRUE
505,"a220",TRUE
505,"a217",FALSE
506,"a246",TRUE
506,"a351",FALSE
507,"a231",TRUE
508,"a312",TRUE
509,"a213",TRUE
510,"a242",TRUE
510,"a294",FALSE
511,"a240",TRUE
512,"a210",TRUE
512,"a211",FALSE
513,"a223",TRUE
513,"a281",FALSE
514,"a210",TRUE
514,"a313",FALSE
515,"a352",TRUE
515,"a220",FALSE
516,"a213",TRUE
516,"a334",FALSE
516,"a353",FALSE
517,"a217",TRUE
518,"a259",TRUE
519,"a210",TRUE
519,"a354",FALSE
520,"a259",TRUE
521,"a206",TRUE
522,"a227",TRUE
522,"a246",FALSE
522,"a210",FALSE
522,"a355",FALSE
522,"a211",FALSE
522,"a356",FALSE
523,"a357",TRUE
524,"a303",TRUE
525,"a358",TRUE
525,"a359",FALSE
526,"a299",TRUE
526,"a259",FALSE
526,"a300",FALSE
527,"a208",TRUE
528,"a341",TRUE
528,"a343",FALSE
528,"a208",FALSE
529,"a259",TRUE
530,"a215",TRUE
530,"a360",FALSE
531,"a210",TRUE
531,"a291",FALSE
532,"a215",TRUE
532,"a248",FALSE
533,"a361",TRUE
534,"a210",TRUE
535,"a270",TRUE
535,"a271",FALSE
536,"a210",TRUE
536,"a241",FALSE
537,"a246",TRUE
537,"a210",FALSE
538,"a272",TRUE
538,"a211",FALSE
539,"a259",TRUE
540,"a358",TRUE
541,"a228",TRUE
541,"a230",FALSE
542,"a250",TRUE
542,"a240",FALSE
543,"a210",TRUE
543,"a211",FALSE
544,"a227",TRUE
544,"a210",FALSE
544,"a282",FALSE
544,"a241",FALSE
545,"a223",TRUE
545,"a224",FALSE
546,"a223",TRUE
546,"a277",FALSE
547,"a362",TRUE
547,"a363",FALSE
547,"a364",FALSE
547,"a365",FALSE
547,"a280",FALSE
548,"a366",TRUE
548,"a223",FALSE
548,"a224",FALSE
549,"a225",TRUE
550,"a335",TRUE
551,"a301",TRUE
551,"a236",FALSE
551,"a311",FALSE
552,"a295",TRUE
553,"a236",TRUE
554,"a367",TRUE
554,"a368",FALSE
554,"a369",FALSE
554,"a370",FALSE
555,"a371",TRUE
556,"a372",TRUE
556,"a373",FALSE
556,"a374",FALSE
557,"a375",TRUE
558,"a376",TRUE
559,"a377",TRUE
560,"a378",TRUE
560,"a379",FALSE
560,"a380",FALSE
561,"a381",TRUE
561,"a382",FALSE
562,"a383",TRUE
562,"a384",FALSE
563,"a384",TRUE
563,"a385",FALSE
564,"a386",TRUE
564,"a387",FALSE
564,"a377",FALSE
565,"a388",TRUE
565,"a389",FALSE
565,"a390",FALSE
566,"a391",TRUE
567,"a392",TRUE
567,"a393",FALSE
568,"a394",TRUE
568,"a395",FALSE
568,"a396",FALSE
569,"a397",TRUE
570,"a384",TRUE
570,"a385",FALSE
571,"a398",TRUE
571,"a399",FALSE
572,"a400",TRUE
572,"a401",FALSE
573,"a402",TRUE
573,"a403",FALSE
574,"a404",TRUE
575,"a405",TRUE
575,"a406",FALSE
576,"a407",TRUE
577,"a408",TRUE
577,"a409",FALSE
578,"a410",TRUE
579,"a411",TRUE
580,"a411",TRUE
581,"a353",TRUE
581,"a412",FALSE
582,"a413",TRUE
583,"a414",TRUE
584,"a415",TRUE
585,"a416",TRUE
585,"a392",FALSE
585,"a417",FALSE
586,"a418",TRUE
586,"a419",FALSE
587,"a420",TRUE
588,"a421",TRUE
588,"a422",FALSE
588,"a423",FALSE
589,"a407",TRUE
590,"a416",TRUE
590,"a392",FALSE
590,"a424",FALSE
591,"a425",TRUE
592,"a416",TRUE
592,"a426",FALSE
592,"a427",FALSE
593,"a428",TRUE
593,"a429",FALSE
594,"a430",TRUE
594,"a431",FALSE
594,"a432",FALSE
595,"a433",TRUE
596,"a434",TRUE
597,"a435",TRUE
598,"a436",TRUE
599,"a437",TRUE
600,"a438",TRUE
600,"a439",FALSE
600,"a440",FALSE
601,"a441",TRUE
602,"a372",TRUE
603,"a442",TRUE
604,"a443",TRUE
604,"a440",FALSE
605,"a438",TRUE
606,"a444",TRUE
607,"a445",TRUE
607,"a376",FALSE
608,"a446",TRUE
609,"a429",TRUE
610,"a447",TRUE
611,"a386",TRUE
612,"a448",TRUE
612,"a449",FALSE
613,"a450",TRUE
613,"a384",FALSE
614,"a399",TRUE
615,"a451",TRUE
615,"a374",FALSE
616,"a452",TRUE
617,"a400",TRUE
618,"a447",TRUE
619,"a411",TRUE
620,"a411",TRUE
621,"a453",TRUE
622,"a454",TRUE
623,"a447",TRUE
624,"a375",TRUE
625,"a444",TRUE
626,"a455",TRUE
626,"a446",FALSE
627,"a376",TRUE
628,"a395",TRUE
629,"a456",TRUE
630,"a434",TRUE
631,"a457",TRUE
632,"a429",TRUE
633,"a458",TRUE
633,"a459",FALSE
633,"a460",FALSE
634,"a407",TRUE
635,"a411",TRUE
636,"a461",TRUE
636,"a441",FALSE
637,"a396",TRUE
638,"a462",TRUE
638,"a441",FALSE
639,"a381",TRUE
639,"a382",FALSE
639,"a463",FALSE
640,"a464",TRUE
640,"a465",FALSE
641,"a407",TRUE
642,"a466",TRUE
642,"a467",FALSE
642,"a468",FALSE
643,"a416",TRUE
643,"a469",FALSE
644,"a443",TRUE
645,"a470",TRUE
646,"a471",TRUE
648,"a472",TRUE
649,"a473",TRUE
650,"a444",TRUE
651,"a407",TRUE
652,"a474",TRUE
653,"a462",TRUE
653,"a475",FALSE
653,"a476",FALSE
654,"a477",TRUE
655,"a478",TRUE
655,"a353",FALSE
656,"a462",TRUE
656,"a441",FALSE
657,"a479",TRUE
657,"a480",FALSE
658,"a429",TRUE
659,"a481",TRUE
659,"a434",FALSE
660,"a376",TRUE
661,"a482",TRUE
662,"a416",TRUE
662,"a483",FALSE
663,"a411",TRUE
663,"a484",FALSE
664,"a392",TRUE
665,"a485",TRUE
666,"a486",TRUE
666,"a380",FALSE
667,"a421",TRUE
668,"a454",TRUE
669,"a487",TRUE
669,"a488",FALSE
670,"a489",TRUE
670,"a490",FALSE
671,"a386",TRUE
672,"a376",TRUE
673,"a407",TRUE
674,"a433",TRUE
675,"a407",TRUE
676,"a429",TRUE
677,"a462",TRUE
677,"a437",FALSE
677,"a441",FALSE
678,"a376",TRUE
679,"a491",TRUE
680,"a411",TRUE
680,"a454",FALSE
681,"a492",TRUE
681,"a404",FALSE
682,"a386",TRUE
683,"a411",TRUE
684,"a493",TRUE
685,"a447",TRUE
686,"a416",TRUE
687,"a411",TRUE
687,"a479",FALSE
687,"a494",FALSE
688,"a386",TRUE
689,"a381",TRUE
689,"a382",FALSE
690,"a392",TRUE
691,"a495",TRUE
691,"a496",FALSE
691,"a377",FALSE
692,"a444",TRUE
693,"a497",TRUE
693,"a376",FALSE
694,"a413",TRUE
695,"a447",TRUE
696,"a498",TRUE
696,"a353",FALSE
697,"a499",TRUE
698,"a500",TRUE
699,"a439",TRUE
699,"a482",FALSE
700,"a501",TRUE
701,"a502",TRUE
701,"a481",FALSE
702,"a386",TRUE
703,"a421",TRUE
703,"a377",FALSE
704,"a503",TRUE
704,"a504",FALSE
704,"a505",FALSE
705,"a494",TRUE
706,"a392",TRUE
707,"a506",TRUE
707,"a376",FALSE
708,"a444",TRUE
708,"a507",FALSE
708,"a508",FALSE
709,"a479",TRUE
709,"a509",FALSE
710,"a510",TRUE
711,"a511",TRUE
712,"a512",TRUE
712,"a513",FALSE
712,"a514",FALSE
713,"a515",TRUE
714,"a429",TRUE
715,"a484",TRUE
716,"a516",TRUE
716,"a517",FALSE
717,"a518",TRUE
717,"a453",FALSE
718,"a391",TRUE
718,"a376",FALSE
719,"a392",TRUE
720,"a444",TRUE
721,"a376",TRUE
722,"a447",TRUE
722,"a519",FALSE
723,"a479",TRUE
723,"a480",FALSE
724,"a520",TRUE
725,"a404",TRUE
725,"a521",FALSE
726,"a429",TRUE
727,"a453",TRUE
728,"a377",TRUE
729,"a499",TRUE
730,"a522",TRUE
730,"a377",FALSE
731,"a453",TRUE
732,"a473",TRUE
733,"a416",TRUE
733,"a376",FALSE
734,"a400",TRUE
735,"a507",TRUE
735,"a508",FALSE
736,"a523",TRUE
737,"a524",TRUE
738,"a525",TRUE
739,"a433",TRUE
740,"a353",TRUE
741,"a526",TRUE
741,"a527",FALSE
742,"a528",TRUE
742,"a529",FALSE
742,"a530",FALSE
743,"a531",TRUE
744,"a379",TRUE
744,"a532",FALSE
744,"a380",FALSE
745,"a533",TRUE
745,"a534",FALSE
746,"a535",TRUE
746,"a353",FALSE
746,"a412",FALSE
747,"a441",TRUE
748,"a447",TRUE
749,"a441",TRUE
750,"a524",TRUE
750,"a392",FALSE
750,"a376",FALSE
751,"a536",TRUE
752,"a537",TRUE
752,"a431",FALSE
752,"a432",FALSE
753,"a407",TRUE
754,"a538",TRUE
754,"a539",FALSE
755,"a510",TRUE
756,"a527",TRUE
757,"a540",TRUE
758,"a392",TRUE
759,"a437",TRUE
759,"a541",FALSE
760,"a489",TRUE
760,"a542",FALSE
761,"a543",TRUE
762,"a392",TRUE
762,"a544",FALSE
763,"a545",TRUE
764,"a523",TRUE
765,"a546",TRUE
765,"a376",FALSE
766,"a408",TRUE
766,"a453",FALSE
767,"a404",TRUE
768,"a547",TRUE
769,"a392",TRUE
770,"a429",TRUE
771,"a496",TRUE
771,"a377",FALSE
772,"a436",TRUE
772,"a376",FALSE
773,"a548",TRUE
774,"a443",TRUE
774,"a404",FALSE
775,"a549",TRUE
776,"a514",TRUE
777,"a496",TRUE
777,"a377",FALSE
778,"a460",TRUE
779,"a454",TRUE
780,"a456",TRUE
780,"a446",FALSE
780,"a550",FALSE
781,"a551",TRUE
781,"a552",FALSE
782,"a407",TRUE
783,"a428",TRUE
784,"a421",TRUE
785,"a353",TRUE
785,"a412",FALSE
786,"a404",TRUE
786,"a510",FALSE
787,"a453",TRUE
816,"a106",TRUE
819,"a106",TRUE
820,"a48",TRUE
821,"a553",TRUE
821,"a106",FALSE
822,"a106",TRUE
823,"a554",TRUE
823,"a555",FALSE
823,"a556",FALSE
823,"a557",FALSE
825,"a558",TRUE
826,"a106",TRUE
827,"a106",TRUE
829,"a559",TRUE
830,"a106",TRUE
831,"a560",TRUE
831,"a561",FALSE
831,"a562",FALSE
831,"a555",FALSE
831,"a563",FALSE
831,"a564",FALSE
831,"a557",FALSE
28916,"a565",TRUE
28917,"a566",TRUE
28917,"a567",FALSE
28918,"a568",TRUE
28919,"a569",TRUE
28920,"a570",TRUE
28920,"a571",FALSE
28920,"a572",FALSE
28921,"a573",TRUE
28921,"a574",FALSE
28922,"a575",TRUE
28923,"a576",TRUE
28924,"a577",TRUE
28925,"a578",TRUE
28926,"a579",TRUE
28926,"a580",FALSE
28926,"a581",FALSE
28926,"a582",FALSE
28927,"a583",TRUE
28927,"a584",FALSE
28927,"a585",FALSE
28927,"a586",FALSE
28928,"a587",TRUE
28928,"a588",FALSE
28929,"a589",TRUE
28929,"a590",FALSE
28929,"a591",FALSE
28930,"a592",TRUE
28931,"a593",TRUE
28931,"a594",FALSE
28931,"a595",FALSE
28931,"a596",FALSE
28931,"a597",FALSE
28931,"a598",FALSE
28932,"a599",TRUE
28932,"a600",FALSE
28933,"a601",TRUE
28934,"a602",TRUE
28934,"a603",FALSE
28934,"a604",FALSE
28934,"a605",FALSE
28934,"a606",FALSE
28934,"a607",FALSE
28935,"a608",TRUE
28936,"a609",TRUE
28936,"a610",FALSE
28936,"a611",FALSE
28936,"a612",FALSE
28936,"a613",FALSE
28937,"a614",TRUE
28937,"a615",FALSE
28938,"a616",TRUE
28939,"a617",TRUE
28939,"a588",FALSE
28940,"a618",TRUE
28940,"a619",FALSE
28940,"a620",FALSE
28941,"a621",TRUE
28942,"a622",TRUE
28942,"a623",FALSE
28942,"a588",FALSE
28943,"a577",TRUE
28943,"a624",FALSE
28943,"a625",FALSE
28944,"a626",TRUE
28945,"a627",TRUE
28945,"a628",FALSE
28945,"a629",FALSE
28945,"a630",FALSE
28945,"a631",FALSE
28946,"a632",TRUE
28947,"a633",TRUE
28948,"a634",TRUE
28949,"a635",TRUE
28949,"a636",FALSE
28949,"a637",FALSE
28949,"a638",FALSE
28950,"a639",TRUE
28950,"a640",FALSE
28950,"a641",FALSE
28951,"a642",TRUE
28951,"a643",FALSE
28952,"a644",TRUE
28952,"a645",FALSE
28953,"a646",TRUE
28954,"a647",TRUE
28954,"a648",FALSE
28954,"a649",FALSE
28954,"a650",FALSE
28955,"a651",TRUE
28955,"a652",FALSE
28955,"a653",FALSE
28956,"a654",TRUE
28957,"a655",TRUE
28957,"a656",FALSE
28957,"a657",FALSE
28957,"a658",FALSE
28958,"a659",TRUE
28959,"a660",TRUE
28959,"a661",FALSE
28959,"a662",FALSE
28959,"a663",FALSE
28960,"a664",TRUE
28961,"a665",TRUE
28961,"a666",FALSE
28961,"a667",FALSE
28962,"a668",TRUE
28962,"a669",FALSE
28962,"a670",FALSE
28963,"a671",TRUE
28963,"a672",FALSE
28964,"a673",TRUE
28964,"a674",FALSE
28965,"a675",TRUE
28966,"a676",TRUE
28966,"a677",FALSE
28967,"a678",TRUE
28967,"a679",FALSE
28967,"a680",FALSE
28967,"a681",FALSE
28968,"a610",TRUE
28968,"a682",FALSE
28969,"a683",TRUE
28969,"a684",FALSE
28969,"a685",FALSE
28969,"a665",FALSE
28969,"a686",FALSE
28969,"a687",FALSE
28969,"a688",FALSE
28969,"a689",FALSE
28970,"a690",TRUE
28971,"a691",TRUE
28971,"a692",FALSE
28971,"a693",FALSE
28971,"a694",FALSE
28972,"a602",TRUE
28972,"a695",FALSE
28972,"a696",FALSE
28972,"a697",FALSE
28973,"a698",TRUE
28974,"a699",TRUE
28975,"a700",TRUE
28975,"a701",FALSE
28975,"a702",FALSE
28975,"a703",FALSE
28975,"a704",FALSE
28976,"a705",TRUE
28977,"a706",TRUE
28977,"a707",FALSE
28977,"a708",FALSE
28977,"a709",FALSE
28977,"a669",FALSE
28977,"a710",FALSE
28977,"a711",FALSE
28978,"a712",TRUE
28979,"a713",TRUE
28979,"a714",FALSE
28979,"a715",FALSE
28980,"a716",TRUE
28981,"a717",TRUE
28981,"a718",FALSE
28981,"a719",FALSE
28982,"a720",TRUE
28982,"a721",FALSE
28982,"a722",FALSE
28982,"a723",FALSE
28983,"a724",TRUE
28983,"a725",FALSE
28983,"a726",FALSE
28983,"a727",FALSE
28983,"a728",FALSE
28984,"a729",TRUE
28985,"a730",TRUE
28985,"a731",FALSE
28985,"a732",FALSE
28985,"a733",FALSE
28985,"a734",FALSE
28985,"a735",FALSE
28985,"a736",FALSE
28985,"a737",FALSE
28985,"a738",FALSE
28986,"a739",TRUE
28986,"a740",FALSE
28987,"a741",TRUE
28988,"a742",TRUE
28989,"a743",TRUE
28989,"a610",FALSE
28989,"a744",FALSE
28989,"a745",FALSE
28990,"a746",TRUE
28990,"a747",FALSE
28990,"a748",FALSE
28991,"a749",TRUE
28991,"a750",FALSE
28991,"a751",FALSE
28991,"a752",FALSE
28992,"a664",TRUE
28993,"a753",TRUE
28993,"a754",FALSE
28993,"a755",FALSE
28993,"a756",FALSE
28993,"a757",FALSE
28994,"a758",TRUE
28995,"a759",TRUE
28996,"a760",TRUE
28997,"a761",TRUE
28997,"a762",FALSE
28997,"a763",FALSE
28998,"a764",TRUE
28998,"a765",FALSE
28998,"a766",FALSE
28999,"a767",TRUE
29000,"a716",TRUE
29001,"a768",TRUE
29001,"a769",FALSE
29001,"a770",FALSE
29001,"a771",FALSE
29001,"a772",FALSE
29002,"a773",TRUE
29002,"a774",FALSE
29002,"a775",FALSE
29002,"a776",FALSE
29002,"a777",FALSE
29002,"a778",FALSE
29002,"a779",FALSE
29002,"a780",FALSE
29002,"a781",FALSE
29002,"a782",FALSE
29002,"a783",FALSE
29003,"a784",TRUE
29003,"a785",FALSE
29003,"a786",FALSE
29003,"a787",FALSE
29003,"a788",FALSE
29004,"a789",TRUE
29004,"a790",FALSE
29004,"a791",FALSE
29005,"a792",TRUE
29005,"a793",FALSE
29006,"a623",TRUE
29007,"a794",TRUE
29007,"a795",FALSE
29007,"a714",FALSE
29008,"a796",TRUE
29009,"a797",TRUE
29010,"a798",TRUE
29011,"a799",TRUE
29012,"a800",TRUE
29012,"a801",FALSE
29013,"a802",TRUE
29013,"a794",FALSE
29014,"a803",TRUE
29015,"a804",TRUE
29016,"a805",TRUE
29016,"a806",FALSE
29016,"a807",FALSE
29016,"a808",FALSE
29016,"a809",FALSE
29016,"a810",FALSE
29016,"a811",FALSE
29017,"a812",TRUE
29018,"a813",TRUE
29018,"a814",FALSE
29019,"a815",TRUE
29019,"a816",FALSE
29019,"a817",FALSE
29019,"a818",FALSE
29019,"a819",FALSE
29019,"a820",FALSE
29019,"a821",FALSE
29019,"a822",FALSE
29020,"a823",TRUE
29020,"a824",FALSE
29020,"a825",FALSE
29021,"a826",TRUE
29021,"a827",FALSE
29021,"a828",FALSE
29021,"a829",FALSE
29021,"a830",FALSE
29021,"a831",FALSE
29021,"a832",FALSE
29021,"a833",FALSE
29021,"a834",FALSE
29021,"a835",FALSE
29021,"a836",FALSE
29021,"a837",FALSE
29021,"a838",FALSE
29021,"a839",FALSE
29021,"a840",FALSE
29021,"a841",FALSE
29022,"a842",TRUE
29022,"a843",FALSE
29022,"a844",FALSE
29022,"a845",FALSE
29023,"a665",TRUE
29023,"a846",FALSE
29024,"a847",TRUE
29024,"a848",FALSE
29024,"a849",FALSE
29024,"a850",FALSE
29025,"a851",TRUE
29026,"a852",TRUE
29026,"a853",FALSE
29026,"a854",FALSE
29027,"a855",TRUE
29027,"a856",FALSE
29027,"a857",FALSE
29027,"a858",FALSE
29027,"a859",FALSE
29028,"a860",TRUE
29028,"a861",FALSE
29029,"a862",TRUE
29029,"a863",FALSE
29029,"a814",FALSE
29029,"a864",FALSE
29029,"a865",FALSE
29030,"a866",TRUE
29030,"a867",FALSE
29030,"a868",FALSE
29031,"a869",TRUE
29032,"a870",TRUE
29032,"a871",FALSE
29033,"a872",TRUE
29033,"a873",FALSE
29034,"a874",TRUE
29034,"a875",FALSE
29034,"a876",FALSE
29034,"a877",FALSE
29034,"a878",FALSE
29035,"a879",TRUE
29036,"a880",TRUE
29036,"a881",FALSE
29036,"a882",FALSE
29037,"a883",TRUE
29038,"a884",TRUE
29038,"a885",FALSE
29039,"a886",TRUE
29039,"a887",FALSE
29039,"a671",FALSE
29040,"a888",TRUE
29040,"a889",FALSE
29040,"a890",FALSE
29040,"a891",FALSE
29040,"a892",FALSE
29041,"a893",TRUE
29042,"a894",TRUE
29043,"a895",TRUE
29043,"a896",FALSE
29044,"a897",TRUE
29045,"a898",TRUE
29046,"a899",TRUE
29046,"a900",FALSE
29046,"a901",FALSE
29046,"a902",FALSE
29046,"a903",FALSE
29046,"a904",FALSE
29047,"a905",TRUE
29047,"a906",FALSE
29047,"a907",FALSE
29048,"a908",TRUE
29049,"a909",TRUE
29049,"a910",FALSE
29049,"a911",FALSE
29050,"a912",TRUE
29051,"a913",TRUE
29051,"a575",FALSE
29052,"a914",TRUE
29053,"a915",TRUE
29054,"a916",TRUE
29055,"a917",TRUE
29055,"a918",FALSE
29055,"a919",FALSE
29056,"a920",TRUE
29056,"a921",FALSE
29057,"a922",TRUE
29058,"a571",TRUE
29058,"a923",FALSE
29059,"a924",TRUE
29059,"a925",FALSE
29060,"a797",TRUE
29061,"a926",TRUE
29061,"a927",FALSE
29062,"a785",TRUE
29062,"a928",FALSE
29063,"a622",TRUE
29064,"a929",TRUE
29065,"a930",TRUE
29065,"a931",FALSE
29066,"a932",TRUE
29066,"a933",FALSE
29066,"a934",FALSE
29067,"a868",TRUE
29068,"a935",TRUE
29068,"a936",FALSE
29068,"a937",FALSE
29068,"a938",FALSE
29069,"a939",TRUE
29069,"a940",FALSE
29069,"a941",FALSE
29070,"a942",TRUE
29071,"a943",TRUE
29071,"a690",FALSE
29072,"a944",TRUE
29072,"a945",FALSE
29072,"a946",FALSE
29073,"a794",TRUE
29074,"a947",TRUE
29074,"a948",FALSE
29075,"a949",TRUE
29076,"a950",TRUE
29077,"a951",TRUE
29078,"a580",TRUE
29078,"a582",FALSE
29079,"a952",TRUE
29079,"a953",FALSE
29079,"a922",FALSE
29079,"a954",FALSE
29080,"a955",TRUE
29080,"a956",FALSE
29080,"a957",FALSE
29080,"a958",FALSE
29080,"a959",FALSE
29081,"a960",TRUE
29081,"a580",FALSE
29081,"a582",FALSE
29082,"a961",TRUE
29083,"a962",TRUE
29083,"a612",FALSE
29083,"a963",FALSE
29084,"a669",TRUE
29085,"a964",TRUE
29085,"a965",FALSE
29086,"a966",TRUE
29086,"a967",FALSE
29086,"a968",FALSE
29086,"a969",FALSE
29086,"a970",FALSE
29086,"a971",FALSE
29087,"a972",TRUE
29087,"a973",FALSE
29087,"a974",FALSE
29088,"a975",TRUE
29088,"a976",FALSE
29089,"a872",TRUE
29089,"a873",FALSE
29090,"a977",TRUE
29090,"a978",FALSE
29090,"a979",FALSE
29090,"a980",FALSE
29090,"a981",FALSE
29090,"a982",FALSE
29090,"a983",FALSE
29091,"a590",TRUE
29091,"a984",FALSE
29091,"a873",FALSE
29091,"a985",FALSE
29091,"a986",FALSE
29092,"a987",TRUE
29092,"a988",FALSE
29092,"a976",FALSE
29093,"a989",TRUE
29094,"a990",TRUE
29095,"a991",TRUE
29096,"a880",TRUE
29096,"a992",FALSE
29097,"a993",TRUE
29098,"a994",TRUE
29099,"a995",TRUE
29100,"a996",TRUE
29100,"a997",FALSE
29100,"a998",FALSE
29100,"a999",FALSE
29100,"a1000",FALSE
29101,"a1001",TRUE
29102,"a1002",TRUE
29102,"a1003",FALSE
29102,"a1004",FALSE
29102,"a861",FALSE
29103,"a797",TRUE
29104,"a653",TRUE
29104,"a1005",FALSE
29105,"a1006",TRUE
29106,"a1007",TRUE
29106,"a1008",FALSE
29106,"a588",FALSE
29107,"a1009",TRUE
29108,"a1010",TRUE
29108,"a1011",FALSE
29108,"a1012",FALSE
29108,"a1013",FALSE
29108,"a1014",FALSE
29108,"a1015",FALSE
29108,"a1016",FALSE
29109,"a1017",TRUE
29110,"a1018",TRUE
29110,"a1019",FALSE
29110,"a1020",FALSE
29110,"a1021",FALSE
29110,"a1022",FALSE
29111,"a571",TRUE
29111,"a1023",FALSE
29111,"a1024",FALSE
29111,"a1025",FALSE
29112,"a1026",TRUE
29112,"a1027",FALSE
29113,"a1028",TRUE
29114,"a1029",TRUE
29115,"a1030",TRUE
29115,"a1031",FALSE
29115,"a1032",FALSE
29116,"a718",TRUE
29116,"a1033",FALSE
29116,"a1034",FALSE
29116,"a1035",FALSE
29117,"a1036",TRUE
29117,"a623",FALSE
29117,"a1037",FALSE
29118,"a1038",TRUE
29119,"a1039",TRUE
29119,"a1040",FALSE
817,"a106",TRUE
171801,"a120",TRUE
171801,"a55",FALSE
171801,"a35",FALSE
171802,"a187",TRUE
171802,"a77",FALSE
171803,"a1041",TRUE
171803,"a1042",FALSE
171804,"a31",TRUE
171804,"a59",FALSE
171805,"a1043",TRUE
171805,"a1044",FALSE
171805,"a1045",FALSE
171805,"a1046",FALSE
171807,"a142",TRUE
171807,"a118",FALSE
171808,"a32",TRUE
171809,"a1047",TRUE
171810,"a167",TRUE
171811,"a85",TRUE
171811,"a93",FALSE
171812,"a1048",TRUE
171812,"a1049",FALSE
171813,"a118",TRUE
171814,"a63",TRUE
171814,"a85",FALSE
171815,"a1050",TRUE
171816,"a44",TRUE
171817,"a51",TRUE
171819,"a1051",TRUE
171819,"a1052",FALSE
171820,"a82",TRUE
171821,"a92",TRUE
171823,"a1053",TRUE
171824,"a44",TRUE
171824,"a126",FALSE
171826,"a73",TRUE
171827,"a1054",TRUE
171828,"a1055",TRUE
171828,"a1056",FALSE
171829,"a1057",TRUE
171829,"a95",FALSE
171830,"a113",TRUE
171831,"a1058",TRUE
171832,"a118",TRUE
171832,"a51",FALSE
171833,"a1059",TRUE
171833,"a1060",FALSE
171834,"a1061",TRUE
171834,"a1062",FALSE
171834,"a1063",FALSE
171836,"a1064",TRUE
171836,"a151",FALSE
171837,"a1065",TRUE
171838,"a70",TRUE
171839,"a1066",TRUE
171840,"a84",TRUE
171841,"a126",TRUE
171843,"a1067",TRUE
171843,"a104",FALSE
171844,"a1068",TRUE
171844,"a1069",FALSE
171846,"a159",TRUE
171848,"a51",TRUE
171849,"a1070",TRUE
171849,"a1071",FALSE
171849,"a559",FALSE
171849,"a1072",FALSE
171849,"a1073",FALSE
171849,"a1074",FALSE
171850,"a161",TRUE
171850,"a42",FALSE
171852,"a1075",TRUE
171853,"a1076",TRUE
171853,"a1077",FALSE
171853,"a1078",FALSE
171855,"a1079",TRUE
171855,"a1080",FALSE
171856,"a1081",TRUE
171856,"a1082",FALSE
171858,"a1083",TRUE
171858,"a1084",FALSE
171858,"a1085",FALSE
171858,"a54",FALSE
171858,"a1086",FALSE
171860,"a179",TRUE
171860,"a189",FALSE
171861,"a1087",TRUE
171861,"a1088",FALSE
171863,"a35",TRUE
171864,"a110",TRUE
171866,"a69",TRUE
171867,"a67",TRUE
171868,"a1089",TRUE
171869,"a98",TRUE
171870,"a138",TRUE
171873,"a1090",TRUE
171873,"a1091",FALSE
171874,"a1092",TRUE
171875,"a1093",TRUE
171876,"a1094",TRUE
171878,"a1095",TRUE
171878,"a1096",FALSE
171879,"a1097",TRUE
171879,"a1098",FALSE
171879,"a509",FALSE
171880,"a1081",TRUE
171881,"a42",TRUE
171882,"a99",TRUE
171883,"a1099",TRUE
171883,"a1100",FALSE
171884,"a62",TRUE
171885,"a1101",TRUE
171885,"a1102",FALSE
171885,"a1103",FALSE
171886,"a45",TRUE
171889,"a165",TRUE
171889,"a129",FALSE
171890,"a1104",TRUE
171891,"a1105",TRUE
171891,"a1106",FALSE
171892,"a1107",TRUE
171892,"a1108",FALSE
171894,"a66",TRUE
171895,"a1109",TRUE
171895,"a1110",FALSE
171895,"a1111",FALSE
171895,"a1112",FALSE
171896,"a1113",TRUE
171897,"a83",TRUE
171898,"a1114",TRUE
171898,"a1115",FALSE
171898,"a1116",FALSE
171899,"a46",TRUE
171899,"a47",FALSE
171899,"a41",FALSE
171899,"a48",FALSE
171899,"a49",FALSE
171899,"a30",FALSE
171900,"a194",TRUE
244721,"a1117",TRUE
244721,"a1118",FALSE
244723,"a1119",TRUE
244723,"a1120",FALSE
244729,"a1121",TRUE
244729,"a1122",FALSE
244729,"a1123",FALSE
244737,"a1124",TRUE
244737,"a1125",FALSE
244737,"a1126",FALSE
244737,"a1127",FALSE
244737,"a1128",FALSE
244741,"a1129",TRUE
244741,"a1130",FALSE
244741,"a1131",FALSE
244743,"a1132",TRUE
244743,"a1133",FALSE
244743,"a1134",FALSE
244747,"a1135",TRUE
244747,"a1136",FALSE
244750,"a1137",TRUE
244750,"a1138",FALSE
244750,"a1139",FALSE
244758,"a1140",TRUE
244758,"a1141",FALSE
244758,"a1142",FALSE
244758,"a1143",FALSE
244763,"a1144",TRUE
244763,"a1145",FALSE
244768,"a1146",TRUE
244768,"a1147",FALSE
244768,"a1148",FALSE
244777,"a1149",TRUE
244777,"a1150",FALSE
244777,"a1151",FALSE
244779,"a1152",TRUE
244779,"a1153",FALSE
244779,"a1154",FALSE
244779,"a1155",FALSE
244779,"a1156",FALSE
244784,"a1157",TRUE
244784,"a1158",FALSE
244784,"a1159",FALSE
244786,"a1160",TRUE
244786,"a1161",FALSE
244788,"a1162",TRUE
244791,"a1163",TRUE
244791,"a1164",FALSE
244793,"a1165",TRUE
244793,"a1166",FALSE
244793,"a1167",FALSE
244793,"a1168",FALSE
244793,"a1169",FALSE
244802,"a1170",TRUE
244802,"a1171",FALSE
244804,"a1172",TRUE
244804,"a1173",FALSE
244804,"a1174",FALSE
244810,"a1175",TRUE
244810,"a1176",FALSE
244811,"a1177",TRUE
244811,"a1178",FALSE
244811,"a1179",FALSE
244811,"a1180",FALSE
244819,"a1181",TRUE
244821,"a1182",TRUE
244821,"a1183",FALSE
244821,"a1184",FALSE
244821,"a1185",FALSE
244821,"a1186",FALSE
244821,"a1187",FALSE
244829,"a1188",TRUE
244829,"a1189",FALSE
244829,"a1190",FALSE
244834,"a1191",TRUE
244834,"a1192",FALSE
244834,"a1193",FALSE
244834,"a1194",FALSE
244840,"a1195",TRUE
244840,"a1196",FALSE
244840,"a1197",FALSE
244843,"a1198",TRUE
244849,"a1199",TRUE
244849,"a1200",FALSE
244852,"a1201",TRUE
244852,"a1202",FALSE
244855,"a1203",TRUE
244855,"a1204",FALSE
244856,"a1205",TRUE
244856,"a1206",FALSE
244857,"a1207",TRUE
244857,"a1208",FALSE
244857,"a1209",FALSE
244863,"a1210",TRUE
244863,"a1211",FALSE
244880,"a1212",TRUE
244880,"a1213",FALSE
244880,"a1214",FALSE
244881,"a1215",TRUE
244881,"a1216",FALSE
244883,"a1217",TRUE
244883,"a1218",FALSE
244883,"a1219",FALSE
244883,"a1220",FALSE
244883,"a1221",FALSE
244883,"a1222",FALSE
244883,"a1223",FALSE
244883,"a1224",FALSE
244883,"a1225",FALSE
244883,"a1226",FALSE
244883,"a1227",FALSE
244883,"a1228",FALSE
244885,"a1229",TRUE
244885,"a1230",FALSE
244885,"a1231",FALSE
244885,"a1232",FALSE
244885,"a1233",FALSE
244885,"a1234",FALSE
244885,"a1235",FALSE
244885,"a1236",FALSE
244885,"a1237",FALSE
244885,"a1238",FALSE
244885,"a1239",FALSE
244885,"a1240",FALSE
244885,"a1241",FALSE
244885,"a1242",FALSE
244885,"a1243",FALSE
244885,"a1244",FALSE
244885,"a1245",FALSE
244885,"a1246",FALSE
244885,"a1247",FALSE
244885,"a1248",FALSE
244885,"a1249",FALSE
244885,"a1250",FALSE
244885,"a1251",FALSE
244885,"a1252",FALSE
244885,"a1253",FALSE
244892,"a1254",TRUE
244892,"a1255",FALSE
244892,"a1256",FALSE
244898,"a1257",TRUE
244898,"a1258",FALSE
244905,"a1259",TRUE
244905,"a1260",FALSE
244905,"a1261",FALSE
244906,"a1262",TRUE
244906,"a1263",FALSE
244906,"a1264",FALSE
244909,"a1265",TRUE
244909,"a1266",FALSE
244909,"a1267",FALSE
244910,"a1268",TRUE
244910,"a1269",FALSE
244925,"a1270",TRUE
244925,"a1271",FALSE
244925,"a1272",FALSE
244925,"a1273",FALSE
244925,"a1274",FALSE
244931,"a1275",TRUE
244932,"a1276",TRUE
244932,"a1277",FALSE
244932,"a1278",FALSE
244932,"a1279",FALSE
244939,"a1280",TRUE
244939,"a1281",FALSE
244939,"a1282",FALSE
244942,"a1283",TRUE
244942,"a1284",FALSE
244945,"a1285",TRUE
244945,"a1286",FALSE
244945,"a1287",FALSE
244946,"a1288",TRUE
244946,"a1289",FALSE
244946,"a1290",FALSE
244950,"a1291",TRUE
244950,"a1292",FALSE
244950,"a1293",FALSE
244950,"a1294",FALSE
244953,"a1200",TRUE
244953,"a1295",FALSE
244954,"a1296",TRUE
244954,"a1297",FALSE
244963,"a1298",TRUE
244963,"a1299",FALSE
244963,"a1300",FALSE
244972,"a1301",TRUE
244972,"a1302",FALSE
244981,"a1303",TRUE
244981,"a1304",FALSE
244981,"a1305",FALSE
244988,"a1306",TRUE
244988,"a1160",FALSE
244997,"a1307",TRUE
244997,"a1308",FALSE
244997,"a1309",FALSE
244997,"a1310",FALSE
244997,"a1311",FALSE
244997,"a1312",FALSE
245001,"a1313",TRUE
245001,"a1314",FALSE
245009,"a1315",TRUE
245009,"a1316",FALSE
245009,"a1317",FALSE
245009,"a1318",FALSE
245012,"a1319",TRUE
245012,"a1320",FALSE
245021,"a1321",TRUE
245021,"a1322",FALSE
245021,"a1323",FALSE
245028,"a1324",TRUE
245028,"a1325",FALSE
245028,"a1326",FALSE
245028,"a1327",FALSE
245033,"a1328",TRUE
245033,"a1329",FALSE
245033,"a1302",FALSE
245035,"a1330",TRUE
245044,"a1331",TRUE
245044,"a1131",FALSE
245045,"a1332",TRUE
245045,"a1333",FALSE
245045,"a1334",FALSE
245045,"a1335",FALSE
245046,"a1336",TRUE
245046,"a1337",FALSE
245046,"a1338",FALSE
245046,"a1339",FALSE
245054,"a1340",TRUE
245054,"a1341",FALSE
245054,"a1342",FALSE
245055,"a1343",TRUE
245055,"a1302",FALSE
245055,"a1344",FALSE
245055,"a1345",FALSE
245058,"a1346",TRUE
245058,"a1347",FALSE
245058,"a1348",FALSE
245060,"a1349",TRUE
245060,"a1350",FALSE
245064,"a1289",TRUE
245064,"a1351",FALSE
245067,"a1352",TRUE
245074,"a1353",TRUE
245074,"a1302",FALSE
245076,"a1354",TRUE
245076,"a1355",FALSE
245076,"a1356",FALSE
245078,"a1357",TRUE
245078,"a1358",FALSE
245080,"a1359",TRUE
245080,"a1282",FALSE
245080,"a1360",FALSE
245086,"a1361",TRUE
245086,"a1362",FALSE
245088,"a1363",TRUE
245088,"a1364",FALSE
245088,"a1365",FALSE
245088,"a1366",FALSE
245092,"a1367",TRUE
245092,"a1368",FALSE
245092,"a1369",FALSE
245100,"a1357",TRUE
245100,"a1370",FALSE
245102,"a1281",TRUE
245102,"a1371",FALSE
245111,"a1372",TRUE
245111,"a1373",FALSE
245119,"a1374",TRUE
245119,"a1375",FALSE
245119,"a1376",FALSE
245123,"a1377",TRUE
245123,"a1378",FALSE
245128,"a1368",TRUE
245128,"a1379",FALSE
245128,"a1380",FALSE
245132,"a1161",TRUE
245132,"a1377",FALSE
245133,"a1381",TRUE
245133,"a1382",FALSE
245134,"a1383",TRUE
245134,"a1384",FALSE
245134,"a1385",FALSE
245153,"a1386",TRUE
245153,"a1387",FALSE
245157,"a1388",TRUE
245157,"a1389",FALSE
245159,"a1390",TRUE
245160,"a1391",TRUE
245160,"a1392",FALSE
245160,"a1133",FALSE
245161,"a1393",TRUE
245161,"a1394",FALSE
245161,"a1395",FALSE
245172,"a1396",TRUE
245172,"a1397",FALSE
245174,"a1398",TRUE
245174,"a1399",FALSE
245174,"a1400",FALSE
245174,"a1401",FALSE
245174,"a1402",FALSE
245176,"a1403",TRUE
245176,"a1404",FALSE
245186,"a1405",TRUE
245186,"a1406",FALSE
245192,"a1407",TRUE
245192,"a1408",FALSE
245192,"a1409",FALSE
245193,"a1410",TRUE
245193,"a1411",FALSE
245200,"a1412",TRUE
245200,"a1413",FALSE
245200,"a1414",FALSE
245200,"a1200",FALSE
245214,"a1415",TRUE
245214,"a1148",FALSE
245214,"a1416",FALSE
245215,"a1376",TRUE
245215,"a1269",FALSE
245215,"a1417",FALSE
245222,"a1257",TRUE
245222,"a1258",FALSE
245224,"a1418",TRUE
245224,"a1419",FALSE
245234,"a1420",TRUE
245240,"a1421",TRUE
245240,"a1422",FALSE
245240,"a1423",FALSE
245240,"a1424",FALSE
245245,"a1425",TRUE
245245,"a1426",FALSE
245245,"a1427",FALSE
245252,"a1428",TRUE
245252,"a1429",FALSE
245252,"a1430",FALSE
245253,"a1431",TRUE
245256,"a1432",TRUE
245256,"a1433",FALSE
245256,"a1434",FALSE
245256,"a1435",FALSE
245263,"a1436",TRUE
245263,"a1437",FALSE
245263,"a1438",FALSE
245265,"a1439",TRUE
245266,"a1440",TRUE
245266,"a1441",FALSE
245272,"a1442",TRUE
245272,"a1443",FALSE
245272,"a1444",FALSE
245275,"a1445",TRUE
245275,"a1446",FALSE
245275,"a1447",FALSE
245276,"a1448",TRUE
245276,"a1449",FALSE
245278,"a1450",TRUE
245278,"a1451",FALSE
245280,"a1452",TRUE
245280,"a1453",FALSE
245280,"a1454",FALSE
245292,"a1455",TRUE
245292,"a1456",FALSE
245295,"a1457",TRUE
245295,"a1458",FALSE
245295,"a1459",FALSE
245295,"a1460",FALSE
245304,"a1461",TRUE
245304,"a1462",FALSE
245304,"a1463",FALSE
245304,"a1464",FALSE
245305,"a1465",TRUE
245305,"a1466",FALSE
245307,"a1467",TRUE
245307,"a1468",FALSE
245307,"a1190",FALSE
245309,"a1469",TRUE
245309,"a1470",FALSE
245314,"a1471",TRUE
245322,"a1472",TRUE
245322,"a1473",FALSE
245340,"a1474",TRUE
245340,"a1475",FALSE
245340,"a1376",FALSE
245341,"a1129",TRUE
245341,"a1476",FALSE
245341,"a1477",FALSE
245341,"a1478",FALSE
245341,"a1131",FALSE
245345,"a1479",TRUE
245345,"a1480",FALSE
245346,"a1481",TRUE
245346,"a1482",FALSE
245347,"a1483",TRUE
245347,"a1484",FALSE
245354,"a1485",TRUE
245354,"a1486",FALSE
245365,"a1487",TRUE
245365,"a1488",FALSE
245365,"a1489",FALSE
245367,"a1490",TRUE
245367,"a1491",FALSE
245367,"a1314",FALSE
245369,"a1492",TRUE
245369,"a1493",FALSE
245371,"a1494",TRUE
245371,"a1495",FALSE
245371,"a1496",FALSE
245371,"a1497",FALSE
245371,"a1498",FALSE
245376,"a1499",TRUE
245376,"a1500",FALSE
245376,"a1501",FALSE
245376,"a1502",FALSE
245377,"a1503",TRUE
245379,"a1504",TRUE
245380,"a1505",TRUE
245380,"a1506",FALSE
245381,"a1507",TRUE
245381,"a1508",FALSE
245384,"a1509",TRUE
245390,"a1324",TRUE
245390,"a1325",FALSE
245390,"a1510",FALSE
245390,"a1511",FALSE
245392,"a1512",TRUE
245392,"a1513",FALSE
245392,"a1514",FALSE
245393,"a1515",TRUE
245395,"a1516",TRUE
245395,"a1517",FALSE
245395,"a1518",FALSE
245397,"a1519",TRUE
245397,"a1520",FALSE
245397,"a1521",FALSE
245398,"a1522",TRUE
245399,"a1523",TRUE
245399,"a1155",FALSE
245399,"a1524",FALSE
245399,"a1525",FALSE
245399,"a1526",FALSE
245400,"a1527",TRUE
245400,"a1528",FALSE
245401,"a1529",TRUE
245401,"a1530",FALSE
245401,"a1290",FALSE
245401,"a1531",FALSE
245402,"a1492",TRUE
245402,"a1532",FALSE
245402,"a1533",FALSE
245402,"a1534",FALSE
245403,"a1535",TRUE
245403,"a1290",FALSE
245404,"a1536",TRUE
245404,"a1537",FALSE
245404,"a1538",FALSE
245404,"a1539",FALSE
245413,"a1540",TRUE
245413,"a1541",FALSE
245413,"a1542",FALSE
245425,"a1543",TRUE
245425,"a1544",FALSE
245429,"a1133",TRUE
245429,"a1545",FALSE
245431,"a1546",TRUE
245431,"a1547",FALSE
245438,"a1200",TRUE
245438,"a1548",FALSE
245438,"a1549",FALSE
245445,"a1200",TRUE
245445,"a1295",FALSE
245448,"a1550",TRUE
245448,"a1384",FALSE
245451,"a1551",TRUE
245452,"a1552",TRUE
245452,"a1553",FALSE
245452,"a1554",FALSE
245452,"a1555",FALSE
245481,"a1556",TRUE
245481,"a1557",FALSE
245481,"a1558",FALSE
245485,"a1559",TRUE
245485,"a1314",FALSE
245487,"a1560",TRUE
245487,"a1480",FALSE
245490,"a1561",TRUE
245490,"a1562",FALSE
245490,"a1563",FALSE
245490,"a1564",FALSE
245499,"a1565",TRUE
245499,"a1566",FALSE
245508,"a1567",TRUE
245508,"a1568",FALSE
245509,"a1569",TRUE
245509,"a1200",FALSE
245509,"a1295",FALSE
245509,"a1570",FALSE
245513,"a1237",TRUE
245513,"a1239",FALSE
245517,"a1155",TRUE
245517,"a1571",FALSE
245517,"a1572",FALSE
245519,"a1556",TRUE
245519,"a1290",FALSE
245519,"a1573",FALSE
245519,"a1531",FALSE
245524,"a1129",TRUE
245524,"a1574",FALSE
245524,"a1478",FALSE
245524,"a1131",FALSE
245525,"a1575",TRUE
245525,"a1576",FALSE
245527,"a1577",TRUE
245527,"a1578",FALSE
245527,"a1579",FALSE
245532,"a1474",TRUE
245532,"a1475",FALSE
245532,"a1580",FALSE
245542,"a1581",TRUE
245542,"a1301",FALSE
245542,"a1302",FALSE
245542,"a1582",FALSE
245542,"a1583",FALSE
245549,"a1467",TRUE
245549,"a1189",FALSE
245551,"a1430",TRUE
245551,"a1417",FALSE
245553,"a1584",TRUE
245553,"a1585",FALSE
245553,"a1586",FALSE
245553,"a1587",FALSE
245553,"a1588",FALSE
245559,"a1290",TRUE
245559,"a1531",FALSE
245568,"a1589",TRUE
245568,"a1590",FALSE
245574,"a1591",TRUE
245577,"a1592",TRUE
245577,"a1593",FALSE
245577,"a1594",FALSE
245598,"a1595",TRUE
245598,"a1596",FALSE
245606,"a1597",TRUE
245606,"a1598",FALSE
245606,"a1599",FALSE
245606,"a1600",FALSE
245611,"a1601",TRUE
245611,"a1602",FALSE
245611,"a1603",FALSE
245611,"a1604",FALSE
245615,"a1367",TRUE
245615,"a1605",FALSE
245618,"a1606",TRUE
245618,"a1607",FALSE
245618,"a1429",FALSE
245622,"a1608",TRUE
245622,"a1609",FALSE
245622,"a1456",FALSE
245629,"a1610",TRUE
245629,"a1611",FALSE
245634,"a1135",TRUE
245634,"a1612",FALSE
245636,"a1459",TRUE
245636,"a1613",FALSE
245638,"a1614",TRUE
245638,"a1133",FALSE
245638,"a1134",FALSE
245641,"a1615",TRUE
245641,"a1616",FALSE
245641,"a1617",FALSE
245645,"a1618",TRUE
245645,"a1619",FALSE
245645,"a1339",FALSE
245649,"a1161",TRUE
245649,"a1620",FALSE
245649,"a1621",FALSE
245651,"a1622",TRUE
245651,"a1623",FALSE
245653,"a1624",TRUE
245653,"a1625",FALSE
245653,"a1626",FALSE
245653,"a1627",FALSE
245654,"a1492",TRUE
245654,"a1628",FALSE
245654,"a1629",FALSE
245654,"a1630",FALSE
245656,"a1631",TRUE
245656,"a1632",FALSE
245658,"a1633",TRUE
245658,"a1430",FALSE
245658,"a1634",FALSE
245663,"a1635",TRUE
245663,"a1456",FALSE
245669,"a1605",TRUE
245669,"a1636",FALSE
245672,"a1637",TRUE
245674,"a1638",TRUE
245674,"a1639",FALSE
245675,"a1640",TRUE
245675,"a1641",FALSE
245676,"a1642",TRUE
245676,"a1643",FALSE
245677,"a1644",TRUE
245677,"a1645",FALSE
245677,"a1646",FALSE
245684,"a1381",TRUE
245684,"a1382",FALSE
245695,"a1647",TRUE
245695,"a1648",FALSE
245706,"a1649",TRUE
245715,"a1650",TRUE
245715,"a1207",FALSE
245715,"a1651",FALSE
245718,"a1652",TRUE
245718,"a1653",FALSE
245718,"a1654",FALSE
245718,"a1655",FALSE
245720,"a1575",TRUE
245720,"a1656",FALSE
245720,"a1576",FALSE
245720,"a1657",FALSE
245722,"a1658",TRUE
245722,"a1659",FALSE
245722,"a1660",FALSE
245723,"a1661",TRUE
245723,"a1662",FALSE
245723,"a1663",FALSE
245727,"a1664",TRUE
245727,"a1665",FALSE
245728,"a1666",TRUE
245728,"a1198",FALSE
245728,"a1667",FALSE
245731,"a1668",TRUE
245731,"a1669",FALSE
245732,"a1670",TRUE
245732,"a1330",FALSE
245732,"a1671",FALSE
245732,"a1672",FALSE
245745,"a1673",TRUE
245745,"a1272",FALSE
245745,"a1674",FALSE
245745,"a1675",FALSE
245747,"a1676",TRUE
245747,"a1677",FALSE
245747,"a1678",FALSE
245749,"a1679",TRUE
245749,"a1680",FALSE
245749,"a1681",FALSE
245749,"a1502",FALSE
245752,"a1515",TRUE
245756,"a1682",TRUE
245756,"a1683",FALSE
245756,"a1684",FALSE
245756,"a1685",FALSE
245756,"a1686",FALSE
245756,"a1687",FALSE
245759,"a1688",TRUE
245765,"a1689",TRUE
245765,"a1690",FALSE
245773,"a1691",TRUE
245773,"a1692",FALSE
245773,"a1693",FALSE
245774,"a1694",TRUE
245774,"a1695",FALSE
245774,"a1696",FALSE
245774,"a1697",FALSE
245774,"a1698",FALSE
245775,"a1670",TRUE
245775,"a1330",FALSE
245775,"a1699",FALSE
245775,"a1672",FALSE
245783,"a1700",TRUE
245783,"a1359",FALSE
245784,"a1701",TRUE
245784,"a1491",FALSE
245793,"a1133",TRUE
245793,"a1471",FALSE
245799,"a1702",TRUE
245799,"a1343",FALSE
245799,"a1703",FALSE
245806,"a1704",TRUE
245806,"a1705",FALSE
245806,"a1706",FALSE
245812,"a1707",TRUE
245812,"a1708",FALSE
245812,"a1709",FALSE
245824,"a1710",TRUE
245824,"a1711",FALSE
245825,"a1133",TRUE
245825,"a1712",FALSE
245825,"a1134",FALSE
245831,"a1713",TRUE
245833,"a1714",TRUE
245833,"a1715",FALSE
245833,"a1376",FALSE
245833,"a1716",FALSE
245833,"a1717",FALSE
245845,"a1400",TRUE
245845,"a1401",FALSE
245858,"a1718",TRUE
245858,"a1352",FALSE
245880,"a1160",TRUE
245880,"a1357",FALSE
245880,"a1719",FALSE
245886,"a1720",TRUE
245886,"a1721",FALSE
245889,"a1722",TRUE
245889,"a1352",FALSE
245891,"a1723",TRUE
245891,"a1724",FALSE
245892,"a1162",TRUE
245908,"a1725",TRUE
245908,"a1302",FALSE
245908,"a1726",FALSE
245908,"a1727",FALSE
245916,"a1728",TRUE
245916,"a1729",FALSE
245916,"a1730",FALSE
245916,"a1731",FALSE
245917,"a1732",TRUE
245917,"a1733",FALSE
245919,"a1734",TRUE
245919,"a1735",FALSE
245919,"a1186",FALSE
245921,"a1736",TRUE
245921,"a1737",FALSE
245921,"a1738",FALSE
245921,"a1739",FALSE
245921,"a1740",FALSE
245925,"a1379",TRUE
245925,"a1621",FALSE
245925,"a1741",FALSE
245925,"a1742",FALSE
245959,"a1743",TRUE
245959,"a1744",FALSE
245959,"a1745",FALSE
245959,"a1372",FALSE
245960,"a1575",TRUE
245960,"a1746",FALSE
245960,"a1197",FALSE
245960,"a1747",FALSE
245961,"a1324",TRUE
245961,"a1748",FALSE
245961,"a1749",FALSE
245961,"a1750",FALSE
245961,"a1751",FALSE
245968,"a1275",TRUE
245970,"a1752",TRUE
245970,"a1753",FALSE
245974,"a1229",TRUE
245974,"a1230",FALSE
245974,"a1231",FALSE
245974,"a1232",FALSE
245974,"a1233",FALSE
245974,"a1234",FALSE
245974,"a1235",FALSE
245974,"a1236",FALSE
245974,"a1237",FALSE
245974,"a1238",FALSE
245974,"a1239",FALSE
245974,"a1240",FALSE
245974,"a1241",FALSE
245974,"a1242",FALSE
245974,"a1243",FALSE
245974,"a1244",FALSE
245974,"a1245",FALSE
245974,"a1246",FALSE
245974,"a1247",FALSE
245974,"a1248",FALSE
245974,"a1249",FALSE
245974,"a1250",FALSE
245974,"a1251",FALSE
245974,"a1252",FALSE
245974,"a1253",FALSE
245975,"a1754",TRUE
245975,"a1755",FALSE
245975,"a1756",FALSE
245975,"a1429",FALSE
245975,"a1258",FALSE
245978,"a1140",TRUE
245978,"a1757",FALSE
245978,"a1758",FALSE
245984,"a1759",TRUE
245984,"a1269",FALSE
245984,"a1760",FALSE
245990,"a1490",TRUE
245990,"a1761",FALSE
245990,"a1762",FALSE
245993,"a1763",TRUE
245993,"a1764",FALSE
245993,"a1372",FALSE
246004,"a1765",TRUE
246004,"a1766",FALSE
246004,"a1767",FALSE
246008,"a1768",TRUE
246009,"a1769",TRUE
246009,"a1220",FALSE
246009,"a1770",FALSE
246011,"a1771",TRUE
246011,"a1772",FALSE
246011,"a1773",FALSE
246011,"a1774",FALSE
246011,"a1775",FALSE
246011,"a1776",FALSE
246015,"a1777",TRUE
246015,"a1778",FALSE
246015,"a1779",FALSE
246015,"a1780",FALSE
246017,"a1781",TRUE
246017,"a1335",FALSE
246022,"a1782",TRUE
246022,"a1783",FALSE
246024,"a1784",TRUE
246024,"a1549",FALSE
246036,"a1785",TRUE
246036,"a1786",FALSE
246036,"a1787",FALSE
246036,"a1788",FALSE
246042,"a1789",TRUE
246042,"a1790",FALSE
246044,"a1718",TRUE
246044,"a1791",FALSE
246049,"a1265",TRUE
246049,"a1792",FALSE
246054,"a1793",TRUE
246054,"a1458",FALSE
246054,"a1336",FALSE
246056,"a1794",TRUE
246056,"a1795",FALSE
246056,"a1314",FALSE
246067,"a1796",TRUE
246067,"a1412",FALSE
246071,"a1302",TRUE
246071,"a1797",FALSE
246078,"a1798",TRUE
246078,"a1799",FALSE
246078,"a1800",FALSE
246084,"a1645",TRUE
246084,"a1801",FALSE
246084,"a1802",FALSE
246086,"a1455",TRUE
246086,"a1803",FALSE
246092,"a1804",TRUE
246092,"a1314",FALSE
246093,"a1805",TRUE
246093,"a1806",FALSE
246093,"a1807",FALSE
246093,"a1808",FALSE
246100,"a1809",TRUE
246100,"a1810",FALSE
246102,"a1574",TRUE
246102,"a1467",FALSE
246102,"a1478",FALSE
246103,"a1811",TRUE
246110,"a1812",TRUE
246110,"a1813",FALSE
246110,"a1814",FALSE
246110,"a1815",FALSE
246111,"a1816",TRUE
246111,"a1817",FALSE
246111,"a1818",FALSE
246111,"a1819",FALSE
246111,"a1820",FALSE
246111,"a1821",FALSE
246111,"a1822",FALSE
246111,"a1823",FALSE
246111,"a1824",FALSE
246111,"a1825",FALSE
246113,"a1826",TRUE
246113,"a1827",FALSE
246114,"a1828",TRUE
246114,"a1311",FALSE
246114,"a1548",FALSE
246118,"a1332",TRUE
246118,"a1335",FALSE
246121,"a1829",TRUE
246129,"a1830",TRUE
246129,"a1831",FALSE
246130,"a1832",TRUE
246130,"a1833",FALSE
246130,"a1834",FALSE
246131,"a1323",TRUE
246131,"a1835",FALSE
246132,"a1836",TRUE
246132,"a1837",FALSE
246132,"a1838",FALSE
246133,"a1839",TRUE
246133,"a1840",FALSE
246139,"a1841",TRUE
246139,"a1842",FALSE
246139,"a1843",FALSE
246141,"a1844",TRUE
246141,"a1384",FALSE
246141,"a1845",FALSE
246141,"a1846",FALSE
246143,"a1847",TRUE
246144,"a1848",TRUE
246145,"a1849",TRUE
246145,"a1610",FALSE
246145,"a1850",FALSE
246154,"a1851",TRUE
246154,"a1852",FALSE
246154,"a1853",FALSE
246165,"a1431",TRUE
246165,"a1302",FALSE
246165,"a1727",FALSE
246170,"a1166",TRUE
246170,"a1167",FALSE
246170,"a1168",FALSE
246170,"a1169",FALSE
246179,"a1688",TRUE
246179,"a1854",FALSE
246181,"a1830",TRUE
246181,"a1855",FALSE
246181,"a1856",FALSE
246181,"a1857",FALSE
246185,"a1858",TRUE
246185,"a1841",FALSE
246185,"a1843",FALSE
246193,"a1379",TRUE
246193,"a1859",FALSE
246193,"a1621",FALSE
246193,"a1742",FALSE
246194,"a1860",TRUE
246194,"a1861",FALSE
246194,"a1507",FALSE
246194,"a1862",FALSE
246194,"a1863",FALSE
246200,"a1864",TRUE
246200,"a1865",FALSE
246200,"a1866",FALSE
246200,"a1867",FALSE
246200,"a1868",FALSE
246200,"a1869",FALSE
246200,"a1870",FALSE
246201,"a1871",TRUE
246203,"a1872",TRUE
246203,"a1873",FALSE
246203,"a1874",FALSE
246204,"a1789",TRUE
246204,"a1875",FALSE
246204,"a1876",FALSE
246204,"a1877",FALSE
246205,"a1878",TRUE
246205,"a1879",FALSE
246205,"a1880",FALSE
246211,"a1881",TRUE
246211,"a1186",FALSE
246211,"a1882",FALSE
246212,"a1883",TRUE
246212,"a1884",FALSE
246212,"a1885",FALSE
246215,"a1886",TRUE
246215,"a1887",FALSE
246215,"a1888",FALSE
246215,"a1889",FALSE
246223,"a1254",TRUE
246223,"a1185",FALSE
246223,"a1256",FALSE
246223,"a1187",FALSE
246227,"a1890",TRUE
246227,"a1891",FALSE
246227,"a1892",FALSE
246227,"a1893",FALSE
246227,"a1894",FALSE
246227,"a1895",FALSE
246231,"a1515",TRUE
246231,"a1896",FALSE
246231,"a1762",FALSE
246234,"a1368",TRUE
246234,"a1897",FALSE
246237,"a1898",TRUE
246237,"a1899",FALSE
246237,"a1900",FALSE
246241,"a1901",TRUE
246241,"a1760",FALSE
246242,"a1902",TRUE
246242,"a1903",FALSE
246242,"a1904",FALSE
246246,"a1157",TRUE
246257,"a1905",TRUE
246257,"a1906",FALSE
246257,"a1907",FALSE
246257,"a1908",FALSE
246259,"a1909",TRUE
246259,"a1910",FALSE
246266,"a1335",TRUE
246266,"a1911",FALSE
246269,"a1912",TRUE
246269,"a1913",FALSE
246269,"a1914",FALSE
246273,"a1915",TRUE
246273,"a1916",FALSE
246273,"a1917",FALSE
246273,"a1918",FALSE
246273,"a1919",FALSE
246273,"a1920",FALSE
246278,"a1921",TRUE
246278,"a1621",FALSE
246278,"a1377",FALSE
246278,"a1719",FALSE
246283,"a1922",TRUE
246283,"a1923",FALSE
246283,"a1924",FALSE
246283,"a1925",FALSE
246283,"a1926",FALSE
246293,"a1927",TRUE
246296,"a1928",TRUE
246296,"a1929",FALSE
246296,"a1930",FALSE
246296,"a1931",FALSE
246298,"a1932",TRUE
246298,"a1933",FALSE
246299,"a1934",TRUE
246299,"a1935",FALSE
246299,"a1936",FALSE
246301,"a1937",TRUE
246301,"a1938",FALSE
246301,"a1939",FALSE
246302,"a1332",TRUE
246302,"a1735",FALSE
246302,"a1940",FALSE
246303,"a1941",TRUE
246303,"a1484",FALSE
246305,"a1942",TRUE
246305,"a1943",FALSE
246305,"a1944",FALSE
246309,"a1945",TRUE
246309,"a1946",FALSE
246309,"a1947",FALSE
246320,"a1266",TRUE
246320,"a1948",FALSE
246321,"a1949",TRUE
246321,"a1950",FALSE
246322,"a1951",TRUE
246322,"a1161",FALSE
246322,"a1377",FALSE
246323,"a1952",TRUE
246323,"a1635",FALSE
246324,"a1472",TRUE
246324,"a1953",FALSE
246328,"a1954",TRUE
246328,"a1955",FALSE
246330,"a1755",TRUE
246330,"a1956",FALSE
246330,"a1957",FALSE
246330,"a1313",FALSE
246330,"a1958",FALSE
246335,"a1959",TRUE
246338,"a1960",TRUE
246338,"a1961",FALSE
246338,"a1962",FALSE
246340,"a1963",TRUE
246340,"a1964",FALSE
246340,"a1965",FALSE
246340,"a1966",FALSE
246340,"a1967",FALSE
246340,"a1968",FALSE
246340,"a1969",FALSE
246341,"a1177",TRUE
246341,"a1970",FALSE
246341,"a1178",FALSE
246343,"a1971",TRUE
246343,"a1972",FALSE
246354,"a1973",TRUE
246354,"a1974",FALSE
246358,"a1956",TRUE
246358,"a1155",FALSE
246359,"a1975",TRUE
246363,"a1976",TRUE
246363,"a1977",FALSE
246366,"a1978",TRUE
246366,"a1979",FALSE
246371,"a1302",TRUE
246371,"a1980",FALSE
246371,"a1727",FALSE
246374,"a1981",TRUE
246374,"a1982",FALSE
246374,"a1983",FALSE
246376,"a1352",TRUE
246377,"a1752",TRUE
246377,"a1133",FALSE
246377,"a1753",FALSE
246378,"a1984",TRUE
246378,"a1985",FALSE
246378,"a1986",FALSE
246378,"a1987",FALSE
246379,"a1988",TRUE
246379,"a1989",FALSE
246379,"a1344",FALSE
246380,"a1131",TRUE
246381,"a1172",TRUE
246381,"a1173",FALSE
246381,"a1174",FALSE
246388,"a1990",TRUE
246388,"a1991",FALSE
246388,"a1992",FALSE
246394,"a1993",TRUE
246394,"a1502",FALSE
246394,"a1994",FALSE
246394,"a1995",FALSE
246399,"a1257",TRUE
246399,"a1430",FALSE
246413,"a1605",TRUE
246413,"a1636",FALSE
246415,"a1996",TRUE
246415,"a1758",FALSE
246416,"a1622",TRUE
246423,"a1997",TRUE
246423,"a1998",FALSE
246423,"a1999",FALSE
246424,"a2000",TRUE
246424,"a2001",FALSE
246426,"a2002",TRUE
246426,"a2003",FALSE
246426,"a2004",FALSE
246426,"a2005",FALSE
246428,"a2006",TRUE
246428,"a2007",FALSE
246430,"a2008",TRUE
246430,"a2009",FALSE
246430,"a1645",FALSE
246430,"a2010",FALSE
246431,"a1283",TRUE
246431,"a2011",FALSE
246431,"a1284",FALSE
246431,"a2012",FALSE
246432,"a1562",TRUE
246432,"a1563",FALSE
246432,"a1564",FALSE
246439,"a2013",TRUE
246439,"a1161",FALSE
246440,"a2014",TRUE
246440,"a2015",FALSE
246440,"a1722",FALSE
246440,"a1352",FALSE
246442,"a2016",TRUE
246442,"a2017",FALSE
246446,"a1155",TRUE
246446,"a1572",FALSE
246466,"a2018",TRUE
246466,"a2019",FALSE
246466,"a1161",FALSE
246466,"a2020",FALSE
246467,"a2021",TRUE
246467,"a2022",FALSE
246467,"a2023",FALSE
246467,"a2024",FALSE
246473,"a2025",TRUE
246473,"a2026",FALSE
246473,"a2027",FALSE
246474,"a2028",TRUE
246474,"a2029",FALSE
246474,"a2030",FALSE
246480,"a1281",TRUE
246480,"a2031",FALSE
246480,"a2032",FALSE
246480,"a2033",FALSE
246482,"a1265",TRUE
246482,"a1266",FALSE
246482,"a1792",FALSE
246482,"a1267",FALSE
246484,"a2034",TRUE
246486,"a2035",TRUE
246486,"a2036",FALSE
246491,"a2037",TRUE
246491,"a2038",FALSE
246492,"a2039",TRUE
246492,"a2040",FALSE
246499,"a2041",TRUE
246499,"a2042",FALSE
246499,"a2043",FALSE
246499,"a1289",FALSE
246499,"a1142",FALSE
246499,"a2044",FALSE
246502,"a2045",TRUE
246502,"a2046",FALSE
246502,"a2047",FALSE
246507,"a1990",TRUE
246507,"a2048",FALSE
246507,"a2049",FALSE
246509,"a1359",TRUE
246509,"a1202",FALSE
246510,"a2050",TRUE
246510,"a2032",FALSE
246510,"a2033",FALSE
246510,"a2051",FALSE
246515,"a1679",TRUE
246515,"a1284",FALSE
246515,"a2052",FALSE
246515,"a2053",FALSE
246518,"a1133",TRUE
246518,"a2054",FALSE
246518,"a2055",FALSE
246518,"a1314",FALSE
246524,"a1458",TRUE
246524,"a2056",FALSE
246526,"a2057",TRUE
246526,"a2058",FALSE
246526,"a2059",FALSE
246526,"a2060",FALSE
246530,"a2050",TRUE
246530,"a2061",FALSE
246533,"a1257",TRUE
246533,"a1258",FALSE
246533,"a1377",FALSE
246540,"a2062",TRUE
246540,"a1302",FALSE
246547,"a1161",TRUE
246549,"a2063",TRUE
246549,"a2064",FALSE
246552,"a2065",TRUE
246552,"a2066",FALSE
246552,"a2067",FALSE
246552,"a2068",FALSE
246552,"a2069",FALSE
246552,"a2070",FALSE
246563,"a1359",TRUE
246563,"a2061",FALSE
246565,"a2071",TRUE
246565,"a2072",FALSE
246582,"a2073",TRUE
246582,"a2074",FALSE
246582,"a2075",FALSE
246587,"a2076",TRUE
246587,"a2077",FALSE
246587,"a2078",FALSE
246587,"a2079",FALSE
246587,"a2080",FALSE
246587,"a2081",FALSE
246587,"a2082",FALSE
246587,"a2083",FALSE
246590,"a1316",TRUE
246590,"a2084",FALSE
246590,"a2085",FALSE
246590,"a2086",FALSE
246590,"a2087",FALSE
246596,"a1642",TRUE
246596,"a2088",FALSE
246601,"a2089",TRUE
246601,"a2090",FALSE
246601,"a2091",FALSE
246601,"a2092",FALSE
246601,"a2093",FALSE
246607,"a1837",TRUE
246610,"a2094",TRUE
246610,"a2095",FALSE
246612,"a1266",TRUE
246612,"a2096",FALSE
246612,"a1178",FALSE
246614,"a2097",TRUE
246614,"a1854",FALSE
246616,"a2098",TRUE
246616,"a1560",FALSE
246616,"a1480",FALSE
246616,"a1761",FALSE
246616,"a1762",FALSE
246618,"a2099",TRUE
246618,"a2100",FALSE
246618,"a2101",FALSE
246618,"a2102",FALSE
246619,"a1556",TRUE
246619,"a1573",FALSE
246619,"a1531",FALSE
246625,"a2103",TRUE
246625,"a2104",FALSE
246630,"a1762",TRUE
246630,"a2105",FALSE
246632,"a2106",TRUE
246632,"a2107",FALSE
246637,"a2108",TRUE
246637,"a1500",FALSE
246637,"a2109",FALSE
246643,"a1368",TRUE
246643,"a1826",FALSE
246643,"a2110",FALSE
246644,"a1652",TRUE
246644,"a2111",FALSE
246649,"a2112",TRUE
246649,"a2113",FALSE
246657,"a2114",TRUE
246659,"a1942",TRUE
246659,"a1784",FALSE
246665,"a2115",TRUE
246665,"a2116",FALSE
246665,"a1598",FALSE
246665,"a2117",FALSE
246668,"a2118",TRUE
246668,"a1500",FALSE
246670,"a1715",TRUE
246670,"a1300",FALSE
246670,"a2119",FALSE
246670,"a2120",FALSE
246671,"a2121",TRUE
246671,"a2122",FALSE
246671,"a2056",FALSE
246672,"a2123",TRUE
246672,"a1865",FALSE
246672,"a1357",FALSE
246672,"a2124",FALSE
246676,"a2125",TRUE
246676,"a2126",FALSE
246676,"a2127",FALSE
246677,"a1992",TRUE
246677,"a2128",FALSE
246678,"a2129",TRUE
246678,"a2130",FALSE
246678,"a1534",FALSE
246687,"a1275",TRUE
246691,"a2131",TRUE
246691,"a1245",FALSE
246691,"a2132",FALSE
246693,"a2016",TRUE
246693,"a2133",FALSE
246694,"a2134",TRUE
246699,"a2135",TRUE
246699,"a2066",FALSE
246699,"a1470",FALSE
246708,"a2136",TRUE
246708,"a2137",FALSE
246708,"a1483",FALSE
246708,"a1484",FALSE
246710,"a2013",TRUE
246710,"a2138",FALSE
246710,"a1378",FALSE
246711,"a2039",TRUE
246711,"a2040",FALSE
246711,"a1190",FALSE
246713,"a1536",TRUE
246713,"a2139",FALSE
246713,"a2140",FALSE
246713,"a1538",FALSE
246721,"a2141",TRUE
246721,"a2142",FALSE
246721,"a2143",FALSE
246721,"a2144",FALSE
246722,"a2145",TRUE
246722,"a2146",FALSE
246723,"a2147",TRUE
246723,"a2148",FALSE
246723,"a1739",FALSE
246724,"a2149",TRUE
246724,"a2150",FALSE
246729,"a2127",TRUE
246729,"a1409",FALSE
246734,"a2151",TRUE
246734,"a1992",FALSE
246740,"a1298",TRUE
246740,"a1700",FALSE
246740,"a2152",FALSE
246740,"a1359",FALSE
246740,"a2153",FALSE
246740,"a1360",FALSE
246741,"a1368",TRUE
246741,"a2154",FALSE
246743,"a2155",TRUE
246743,"a2156",FALSE
246745,"a2157",TRUE
246745,"a2158",FALSE
246745,"a2159",FALSE
246745,"a1491",FALSE
246755,"a2160",TRUE
246755,"a2161",FALSE
246755,"a2162",FALSE
246770,"a2163",TRUE
246770,"a2164",FALSE
246770,"a2165",FALSE
246781,"a2166",TRUE
246781,"a2167",FALSE
246781,"a2168",FALSE
246782,"a1792",TRUE
246782,"a2169",FALSE
246782,"a1524",FALSE
246783,"a2170",TRUE
246787,"a2171",TRUE
246787,"a2172",FALSE
246787,"a2173",FALSE
246787,"a2174",FALSE
246787,"a2175",FALSE
246787,"a2176",FALSE
246787,"a2177",FALSE
246789,"a2178",TRUE
246789,"a2122",FALSE
246789,"a2179",FALSE
246789,"a2180",FALSE
246797,"a2181",TRUE
246797,"a2182",FALSE
246797,"a2012",FALSE
246797,"a1502",FALSE
246797,"a2053",FALSE
246804,"a2183",TRUE
246804,"a2184",FALSE
246819,"a1642",TRUE
246819,"a2185",FALSE
246822,"a2186",TRUE
246824,"a1953",TRUE
246824,"a1430",FALSE
246824,"a1703",FALSE
246837,"a1789",TRUE
246837,"a2187",FALSE
246837,"a2188",FALSE
246837,"a1876",FALSE
246838,"a1550",TRUE
246838,"a1384",FALSE
246838,"a1846",FALSE
246840,"a2189",TRUE
246840,"a2190",FALSE
246841,"a2191",TRUE
246842,"a2192",TRUE
246843,"a2193",TRUE
246843,"a1295",FALSE
246843,"a1570",FALSE
246847,"a2194",TRUE
246847,"a2195",FALSE
246848,"a1988",TRUE
246848,"a1344",FALSE
246856,"a2196",TRUE
246856,"a2197",FALSE
246856,"a2195",FALSE
246858,"a2017",TRUE
246859,"a2198",TRUE
246859,"a2199",FALSE
246860,"a2200",TRUE
246860,"a2201",FALSE
246870,"a1459",TRUE
246870,"a2202",FALSE
246873,"a2203",TRUE
246873,"a2204",FALSE
246873,"a1366",FALSE
246874,"a1980",TRUE
246874,"a2205",FALSE
246874,"a2206",FALSE
246875,"a2207",TRUE
246875,"a2208",FALSE
246875,"a2209",FALSE
246876,"a2210",TRUE
246876,"a2211",FALSE
246882,"a2212",TRUE
246882,"a1314",FALSE
246890,"a1722",TRUE
246896,"a1474",TRUE
246896,"a1475",FALSE
246899,"a2213",TRUE
246899,"a2214",FALSE
246899,"a2215",FALSE
246899,"a2216",FALSE
246904,"a2217",TRUE
246911,"a2218",TRUE
246912,"a2219",TRUE
246912,"a1121",FALSE
246912,"a1148",FALSE
246918,"a2220",TRUE
246918,"a1583",FALSE
246918,"a2221",FALSE
246918,"a2222",FALSE
246919,"a1385",TRUE
246919,"a2223",FALSE
246925,"a1375",TRUE
246925,"a2224",FALSE
246926,"a2225",TRUE
246926,"a2226",FALSE
246936,"a2013",TRUE
246936,"a1161",FALSE
246941,"a2227",TRUE
246941,"a2223",FALSE
246941,"a2228",FALSE
246943,"a1903",TRUE
246943,"a2229",FALSE
246943,"a2230",FALSE
246943,"a2231",FALSE
246945,"a1830",TRUE
246947,"a2232",TRUE
246947,"a2233",FALSE
246947,"a2234",FALSE
246947,"a2235",FALSE
246947,"a2236",FALSE
246947,"a2237",FALSE
246947,"a2238",FALSE
246947,"a2239",FALSE
246949,"a1316",TRUE
246949,"a1133",FALSE
246950,"a2240",TRUE
246950,"a2241",FALSE
246951,"a1668",TRUE
246951,"a1314",FALSE
246953,"a1829",TRUE
246953,"a1715",FALSE
246953,"a1376",FALSE
246953,"a1717",FALSE
246972,"a2242",TRUE
246972,"a2150",FALSE
246979,"a2243",TRUE
246979,"a1667",FALSE
246979,"a2244",FALSE
246986,"a1642",TRUE
246986,"a2088",FALSE
246986,"a2245",FALSE
246986,"a2246",FALSE
246986,"a2247",FALSE
246988,"a1905",TRUE
246988,"a1907",FALSE
246989,"a1789",TRUE
246989,"a2248",FALSE
246990,"a2249",TRUE
246990,"a2175",FALSE
246990,"a2102",FALSE
246992,"a1860",TRUE
246992,"a1862",FALSE
246993,"a2250",TRUE
246993,"a2251",FALSE
246993,"a2252",FALSE
246993,"a2253",FALSE
246994,"a2254",TRUE
246994,"a2255",FALSE
246997,"a2178",TRUE
246997,"a2256",FALSE
246997,"a2122",FALSE
246997,"a2257",FALSE
247000,"a1829",TRUE
247003,"a2258",TRUE
247003,"a2259",FALSE
247009,"a2260",TRUE
247009,"a2261",FALSE
247009,"a1688",FALSE
247009,"a2262",FALSE
247014,"a1578",TRUE
247014,"a2263",FALSE
247019,"a2264",TRUE
247020,"a1973",TRUE
247020,"a2265",FALSE
247027,"a2266",TRUE
247027,"a2113",FALSE
247028,"a1474",TRUE
247028,"a2267",FALSE
247028,"a1475",FALSE
247028,"a2268",FALSE
247028,"a1376",FALSE
247028,"a2269",FALSE
247028,"a1323",FALSE
247034,"a1490",TRUE
247034,"a2212",FALSE
247034,"a1491",FALSE
247041,"a2270",TRUE
247041,"a2271",FALSE
247041,"a2272",FALSE
247046,"a1840",TRUE
247046,"a2273",FALSE
247047,"a1290",TRUE
247047,"a2274",FALSE
247053,"a1492",TRUE
247053,"a2275",FALSE
247053,"a1932",FALSE
247056,"a1890",TRUE
247056,"a1892",FALSE
247056,"a1894",FALSE
247056,"a1895",FALSE
247067,"a2276",TRUE
247067,"a2277",FALSE
247067,"a2278",FALSE
247067,"a2279",FALSE
247067,"a2280",FALSE
247068,"a2050",TRUE
247068,"a2281",FALSE
247081,"a2282",TRUE
247081,"a1583",FALSE
247085,"a2283",TRUE
247085,"a2284",FALSE
247085,"a2285",FALSE
247085,"a1311",FALSE
247085,"a1549",FALSE
247089,"a2286",TRUE
247089,"a2287",FALSE
247089,"a2288",FALSE
247089,"a2289",FALSE
247099,"a2290",TRUE
247099,"a2291",FALSE
247099,"a2292",FALSE
247102,"a2050",TRUE
247102,"a2293",FALSE
247102,"a2294",FALSE
247103,"a2295",TRUE
247103,"a2296",FALSE
247103,"a2297",FALSE
247105,"a2298",TRUE
247105,"a2299",FALSE
247108,"a2300",TRUE
247108,"a1368",FALSE
247108,"a2301",FALSE
247112,"a1452",TRUE
247112,"a2302",FALSE
247121,"a2303",TRUE
247121,"a2304",FALSE
247139,"a1254",TRUE
247139,"a1185",FALSE
247139,"a2305",FALSE
247139,"a1131",FALSE
247142,"a2306",TRUE
247143,"a2307",TRUE
247143,"a2308",FALSE
247143,"a2309",FALSE
247143,"a1200",FALSE
247143,"a1295",FALSE
247143,"a1570",FALSE
247144,"a2310",TRUE
247147,"a2035",TRUE
247147,"a1263",FALSE
247152,"a2311",TRUE
247152,"a2312",FALSE
247153,"a2313",TRUE
247153,"a2314",FALSE
247153,"a2315",FALSE
247153,"a2316",FALSE
247153,"a2317",FALSE
247153,"a2318",FALSE
247153,"a2319",FALSE
247153,"a2320",FALSE
247159,"a2321",TRUE
247159,"a1174",FALSE
247164,"a1280",TRUE
247164,"a1281",FALSE
247164,"a2322",FALSE
247164,"a1282",FALSE
247164,"a2323",FALSE
247168,"a2324",TRUE
247168,"a2220",FALSE
247168,"a1302",FALSE
247168,"a2325",FALSE
247168,"a2326",FALSE
247168,"a2327",FALSE
247168,"a2328",FALSE
247168,"a1583",FALSE
247168,"a2329",FALSE
247170,"a1121",TRUE
247170,"a1146",FALSE
247170,"a2330",FALSE
247170,"a1148",FALSE
247173,"a2331",TRUE
247173,"a2332",FALSE
247173,"a1486",FALSE
247173,"a2333",FALSE
247175,"a2334",TRUE
247175,"a2335",FALSE
247183,"a2336",TRUE
247183,"a2337",FALSE
247183,"a2338",FALSE
247184,"a2339",TRUE
247184,"a2340",FALSE
247190,"a1374",TRUE
247190,"a2341",FALSE
247205,"a2028",TRUE
247205,"a2342",FALSE
247205,"a2343",FALSE
247207,"a2344",TRUE
247207,"a1534",FALSE
247209,"a1353",TRUE
247209,"a1302",FALSE
247209,"a2345",FALSE
247215,"a2346",TRUE
247215,"a2347",FALSE
247218,"a2348",TRUE
247218,"a2349",FALSE
247218,"a1980",FALSE
247218,"a2350",FALSE
247218,"a2351",FALSE
247218,"a2352",FALSE
247223,"a1281",TRUE
247223,"a2353",FALSE
247225,"a2354",TRUE
247225,"a1903",FALSE
247225,"a2355",FALSE
247227,"a2356",TRUE
247227,"a1886",FALSE
247227,"a2357",FALSE
247227,"a2358",FALSE
247227,"a2359",FALSE
247227,"a2360",FALSE
247234,"a1333",TRUE
247234,"a1335",FALSE
247241,"a1266",TRUE
247241,"a2361",FALSE
247241,"a1161",FALSE
247241,"a1430",FALSE
247242,"a1298",TRUE
247242,"a2362",FALSE
247242,"a1956",FALSE
247243,"a1368",TRUE
247243,"a1379",FALSE
247243,"a2154",FALSE
247250,"a1302",TRUE
247250,"a2363",FALSE
247250,"a2329",FALSE
247254,"a2364",TRUE
247254,"a2365",FALSE
247254,"a1263",FALSE
247255,"a2366",TRUE
247255,"a1484",FALSE
247259,"a2367",TRUE
247259,"a2368",FALSE
247259,"a1314",FALSE
247261,"a2369",TRUE
247261,"a1409",FALSE
247265,"a2370",TRUE
247265,"a1367",FALSE
247265,"a2371",FALSE
247265,"a1605",FALSE
247265,"a2372",FALSE
247272,"a1332",TRUE
247272,"a2373",FALSE
247279,"a2374",TRUE
247288,"a1137",TRUE
247288,"a2375",FALSE
247288,"a2376",FALSE
247290,"a2377",TRUE
247290,"a2378",FALSE
247290,"a1531",FALSE
247296,"a2379",TRUE
247296,"a2043",FALSE
247296,"a1289",FALSE
247296,"a2380",FALSE
247296,"a2381",FALSE
247296,"a2012",FALSE
247296,"a1142",FALSE
247296,"a2044",FALSE
247298,"a1281",TRUE
247298,"a2382",FALSE
247298,"a2323",FALSE
247306,"a2300",TRUE
247306,"a1368",FALSE
247306,"a2383",FALSE
247308,"a2384",TRUE
247308,"a2028",FALSE
247308,"a2385",FALSE
247319,"a1298",TRUE
247319,"a2152",FALSE
247319,"a1282",FALSE
247337,"a2386",TRUE
247337,"a1756",FALSE
247337,"a2387",FALSE
247339,"a2388",TRUE
247339,"a1322",FALSE
247339,"a2389",FALSE
247344,"a2390",TRUE
247344,"a2391",FALSE
247344,"a2392",FALSE
247347,"a2393",TRUE
247347,"a1441",FALSE
247352,"a2328",TRUE
247352,"a2394",FALSE
247356,"a2249",TRUE
247356,"a2395",FALSE
247356,"a2396",FALSE
247358,"a2397",TRUE
247358,"a2398",FALSE
247358,"a2399",FALSE
247358,"a1120",FALSE
247358,"a2400",FALSE
247367,"a2401",TRUE
247367,"a1281",FALSE
247369,"a2402",TRUE
247369,"a1784",FALSE
247369,"a2403",FALSE
247369,"a2404",FALSE
247369,"a2405",FALSE
247369,"a2406",FALSE
247369,"a2407",FALSE
247369,"a2408",FALSE
247373,"a2409",TRUE
247373,"a2410",FALSE
247376,"a2411",TRUE
247376,"a2412",FALSE
247376,"a2413",FALSE
247378,"a1830",TRUE
247378,"a1831",FALSE
247379,"a1598",TRUE
247379,"a1202",FALSE
247382,"a1379",TRUE
247382,"a2414",FALSE
247382,"a1742",FALSE
247388,"a2415",TRUE
247388,"a2416",FALSE
247397,"a1254",TRUE
247397,"a2305",FALSE
247397,"a1131",FALSE
247398,"a1301",TRUE
247398,"a1302",FALSE
247398,"a1727",FALSE
247398,"a2329",FALSE
247402,"a2417",TRUE
247405,"a2418",TRUE
247408,"a1556",TRUE
247408,"a2419",FALSE
247409,"a2420",TRUE
247413,"a2421",TRUE
247413,"a2422",FALSE
247413,"a2423",FALSE
247413,"a2424",FALSE
247413,"a2425",FALSE
247416,"a1471",TRUE
247416,"a2426",FALSE
247420,"a1759",TRUE
247420,"a1269",FALSE
247421,"a2427",TRUE
247421,"a2428",FALSE
247423,"a2429",TRUE
247423,"a1621",FALSE
247426,"a2430",TRUE
247426,"a2431",FALSE
247431,"a2432",TRUE
247431,"a1335",FALSE
247432,"a1551",TRUE
247432,"a1703",FALSE
247440,"a2433",TRUE
247440,"a1183",FALSE
247440,"a1186",FALSE
247455,"a2434",TRUE
247455,"a2435",FALSE
247458,"a2436",TRUE
247458,"a1578",FALSE
247462,"a1789",TRUE
247462,"a1877",FALSE
247465,"a2437",TRUE
247465,"a2438",FALSE
247465,"a1658",FALSE
247465,"a2439",FALSE
247465,"a2440",FALSE
247468,"a2441",TRUE
247468,"a1649",FALSE
247470,"a2334",TRUE
247470,"a2442",FALSE
247471,"a1359",TRUE
247471,"a2061",FALSE
247474,"a1131",TRUE
247485,"a2443",TRUE
247485,"a2188",FALSE
247485,"a1876",FALSE
247486,"a1258",TRUE
247490,"a2057",TRUE
247490,"a2444",FALSE
247490,"a2058",FALSE
247490,"a2059",FALSE
247490,"a2060",FALSE
247491,"a2285",TRUE
247491,"a1311",FALSE
247491,"a1549",FALSE
247491,"a2445",FALSE
247493,"a1200",TRUE
247493,"a2277",FALSE
247494,"a2446",TRUE
247494,"a1190",FALSE
247494,"a1314",FALSE
247500,"a2039",TRUE
247500,"a2146",FALSE
247500,"a2040",FALSE
247503,"a2447",TRUE
247503,"a2448",FALSE
247508,"a2449",TRUE
247508,"a2450",FALSE
247508,"a2451",FALSE
247508,"a2452",FALSE
247510,"a2453",TRUE
247510,"a2454",FALSE
247510,"a2455",FALSE
247510,"a2456",FALSE
247510,"a2457",FALSE
247510,"a2458",FALSE
247511,"a2459",TRUE
247511,"a2460",FALSE
247516,"a1155",TRUE
247516,"a2461",FALSE
247517,"a2462",TRUE
247517,"a2463",FALSE
247517,"a1148",FALSE
247518,"a2464",TRUE
247518,"a2465",FALSE
247518,"a2466",FALSE
247518,"a1953",FALSE
247523,"a2467",TRUE
247523,"a2130",FALSE
247524,"a2468",TRUE
247524,"a2469",FALSE
247524,"a2470",FALSE
247524,"a2471",FALSE
247534,"a2472",TRUE
247534,"a2473",FALSE
247534,"a2474",FALSE
247542,"a2362",TRUE
247543,"a2475",TRUE
247547,"a2476",TRUE
247549,"a2477",TRUE
247549,"a1235",FALSE
247549,"a2478",FALSE
247549,"a1237",FALSE
247549,"a2479",FALSE
247549,"a1239",FALSE
247549,"a2480",FALSE
247549,"a2131",FALSE
247549,"a2481",FALSE
247549,"a2482",FALSE
247549,"a2483",FALSE
247549,"a1245",FALSE
247549,"a2132",FALSE
247549,"a1248",FALSE
247549,"a2484",FALSE
247571,"a2485",TRUE
247571,"a1899",FALSE
247580,"a2486",TRUE
247580,"a2487",FALSE
247580,"a1500",FALSE
247584,"a2488",TRUE
247584,"a2178",FALSE
247590,"a2489",TRUE
247590,"a2490",FALSE
247590,"a2491",FALSE
247593,"a2492",TRUE
247593,"a2493",FALSE
247595,"a2494",TRUE
247595,"a2495",FALSE
247595,"a2496",FALSE
247595,"a2497",FALSE
247595,"a1513",FALSE
247595,"a2498",FALSE
247595,"a2499",FALSE
247596,"a2500",TRUE
247596,"a2501",FALSE
247598,"a2502",TRUE
247598,"a2503",FALSE
247598,"a2504",FALSE
247598,"a1979",FALSE
247599,"a2505",TRUE
247599,"a2506",FALSE
247605,"a1367",TRUE
247605,"a1605",FALSE
247614,"a2507",TRUE
247614,"a2508",FALSE
247614,"a2509",FALSE
247614,"a2510",FALSE
247614,"a2511",FALSE
247614,"a2512",FALSE
247622,"a1219",TRUE
247622,"a2513",FALSE
247622,"a2514",FALSE
247622,"a2515",FALSE
247622,"a2516",FALSE
247622,"a2517",FALSE
247622,"a2518",FALSE
247622,"a2519",FALSE
247622,"a2520",FALSE
247622,"a2521",FALSE
247622,"a2522",FALSE
247623,"a2523",TRUE
247623,"a2524",FALSE
247623,"a2525",FALSE
247624,"a1792",TRUE
247624,"a2526",FALSE
247624,"a1430",FALSE
247628,"a1805",TRUE
247628,"a2527",FALSE
247636,"a1357",TRUE
247636,"a1263",FALSE
247658,"a2528",TRUE
247658,"a1520",FALSE
247658,"a2176",FALSE
247658,"a2529",FALSE
247659,"a1316",TRUE
247659,"a2530",FALSE
247659,"a2086",FALSE
247659,"a2087",FALSE
247669,"a2531",TRUE
247672,"a1324",TRUE
247672,"a1325",FALSE
247672,"a1326",FALSE
247672,"a2532",FALSE
247672,"a2533",FALSE
247672,"a2534",FALSE
247672,"a2535",FALSE
247679,"a1728",TRUE
247679,"a1729",FALSE
247679,"a1730",FALSE
247679,"a1731",FALSE
247680,"a2536",TRUE
247680,"a2191",FALSE
247685,"a2537",TRUE
247685,"a2538",FALSE
247698,"a1635",TRUE
247698,"a1456",FALSE
247714,"a1288",TRUE
247714,"a1289",FALSE
247714,"a1314",FALSE
247715,"a1649",TRUE
247719,"a2539",TRUE
247719,"a2540",FALSE
247727,"a2541",TRUE
247727,"a2542",FALSE
247727,"a2543",FALSE
247730,"a2544",TRUE
247730,"a2545",FALSE
247730,"a2546",FALSE
247730,"a1852",FALSE
247730,"a2547",FALSE
247730,"a2023",FALSE
247730,"a2548",FALSE
247730,"a2549",FALSE
247730,"a2550",FALSE
247743,"a1413",TRUE
247743,"a2551",FALSE
247743,"a1199",FALSE
247743,"a1200",FALSE
247747,"a1302",TRUE
247747,"a2329",FALSE
247748,"a2552",TRUE
247748,"a1330",FALSE
247749,"a2553",TRUE
247749,"a1296",FALSE
247750,"a1574",TRUE
247750,"a1478",FALSE
247750,"a2554",FALSE
247750,"a2555",FALSE
247750,"a1131",FALSE
247756,"a1200",TRUE
247756,"a2556",FALSE
247756,"a2557",FALSE
247763,"a2558",TRUE
247763,"a2559",FALSE
247763,"a2560",FALSE
247772,"a2561",TRUE
247772,"a2504",FALSE
247772,"a1978",FALSE
247772,"a1979",FALSE
247775,"a2314",TRUE
247775,"a2562",FALSE
247775,"a2563",FALSE
247775,"a2564",FALSE
247775,"a2565",FALSE
247775,"a2319",FALSE
247778,"a2417",TRUE
247778,"a1668",FALSE
247779,"a2293",TRUE
247779,"a1201",FALSE
247779,"a1202",FALSE
247783,"a2566",TRUE
247783,"a2567",FALSE
247783,"a2568",FALSE
247783,"a2569",FALSE
247783,"a2570",FALSE
247785,"a1840",TRUE
247785,"a2571",FALSE
247787,"a1374",TRUE
247787,"a1375",FALSE
247787,"a2572",FALSE
247793,"a1272",TRUE
247793,"a2299",FALSE
247793,"a2573",FALSE
247796,"a1910",TRUE
247802,"a1284",TRUE
247802,"a2012",FALSE
247805,"a1718",TRUE
247805,"a2574",FALSE
247809,"a2575",TRUE
247809,"a2576",FALSE
247809,"a2577",FALSE
247816,"a1851",TRUE
247816,"a1852",FALSE
247816,"a1853",FALSE
247819,"a2578",TRUE
247819,"a2524",FALSE
247819,"a1509",FALSE
247819,"a1120",FALSE
247829,"a2579",TRUE
247829,"a1853",FALSE
247831,"a2436",TRUE
247831,"a1578",FALSE
247832,"a2580",TRUE
247832,"a1755",FALSE
247832,"a2581",FALSE
247832,"a1956",FALSE
247832,"a1429",FALSE
247836,"a1578",TRUE
247836,"a2582",FALSE
247837,"a1826",TRUE
247837,"a2583",FALSE
247837,"a2110",FALSE
247846,"a2584",TRUE
247846,"a1715",FALSE
247846,"a2585",FALSE
247846,"a1376",FALSE
247846,"a1717",FALSE
247856,"a2586",TRUE
247857,"a1304",TRUE
247857,"a1302",FALSE
247857,"a1953",FALSE
247857,"a2328",FALSE
247857,"a2587",FALSE
247864,"a1393",TRUE
247864,"a2588",FALSE
247865,"a2589",TRUE
247865,"a2590",FALSE
247865,"a2591",FALSE
247866,"a2388",TRUE
247875,"a2592",TRUE
247875,"a2593",FALSE
247875,"a1765",FALSE
247875,"a1766",FALSE
247876,"a2594",TRUE
247878,"a2595",TRUE
247878,"a1366",FALSE
247878,"a1649",FALSE
247881,"a2596",TRUE
247881,"a383",FALSE
247881,"a2597",FALSE
247881,"a2598",FALSE
247881,"a2030",FALSE
247889,"a1136",TRUE
247904,"a2599",TRUE
247904,"a2026",FALSE
247904,"a2027",FALSE
247904,"a2600",FALSE
247906,"a2601",TRUE
247906,"a2299",FALSE
247906,"a1594",FALSE
247908,"a2602",TRUE
247909,"a2603",TRUE
247909,"a1314",FALSE
247912,"a2604",TRUE
247912,"a2605",FALSE
247912,"a2606",FALSE
247918,"a2607",TRUE
247924,"a1330",TRUE
247924,"a1671",FALSE
247926,"a2433",TRUE
247926,"a1186",FALSE
247926,"a2608",FALSE
247941,"a2609",TRUE
247941,"a2336",FALSE
247941,"a2610",FALSE
247952,"a1408",TRUE
247952,"a1200",FALSE
247952,"a2611",FALSE
247952,"a2612",FALSE
247953,"a2613",TRUE
247953,"a2614",FALSE
247954,"a1458",TRUE
247954,"a1459",FALSE
247956,"a2615",TRUE
247956,"a2258",FALSE
247959,"a2616",TRUE
247959,"a2617",FALSE
247967,"a2618",TRUE
247967,"a2619",FALSE
247969,"a2620",TRUE
247969,"a2621",FALSE
247970,"a2622",TRUE
247970,"a2623",FALSE
247970,"a2624",FALSE
247972,"a2625",TRUE
247972,"a1667",FALSE
247975,"a2626",TRUE
247975,"a2627",FALSE
247975,"a2628",FALSE
247976,"a1187",TRUE
247977,"a1257",TRUE
247977,"a2035",FALSE
247977,"a2113",FALSE
247979,"a2629",TRUE
247979,"a1456",FALSE
247981,"a2630",TRUE
247981,"a1284",FALSE
247981,"a2012",FALSE
247981,"a2631",FALSE
247983,"a1425",TRUE
247983,"a2632",FALSE
247983,"a1314",FALSE
247984,"a2633",TRUE
247984,"a2634",FALSE
247986,"a2635",TRUE
247986,"a2636",FALSE
247986,"a2637",FALSE
247992,"a2638",TRUE
247993,"a2639",TRUE
247993,"a2640",FALSE
247997,"a1166",TRUE
247997,"a2434",FALSE
247997,"a2641",FALSE
247997,"a2435",FALSE
247998,"a1236",TRUE
247998,"a1237",FALSE
247998,"a1239",FALSE
248000,"a2642",TRUE
248000,"a2643",FALSE
248000,"a2644",FALSE
248004,"a1735",TRUE
248004,"a1263",FALSE
248004,"a2645",FALSE
248018,"a2646",TRUE
248018,"a1843",FALSE
248025,"a2647",TRUE
248025,"a2648",FALSE
248025,"a2649",FALSE
248028,"a1580",TRUE
248028,"a2650",FALSE
248029,"a2651",TRUE
248035,"a2652",TRUE
248035,"a1854",FALSE
248047,"a2653",TRUE
248047,"a2654",FALSE
248048,"a2655",TRUE
248048,"a2656",FALSE
248048,"a2657",FALSE
248049,"a2456",TRUE
248049,"a2658",FALSE
248050,"a2659",TRUE
248050,"a1872",FALSE
248051,"a1754",TRUE
248051,"a2660",FALSE
248051,"a2475",FALSE
248051,"a2113",FALSE
248056,"a1507",TRUE
248056,"a2530",FALSE
248056,"a2661",FALSE
248065,"a1334",TRUE
248065,"a2662",FALSE
248068,"a2464",TRUE
248068,"a2663",FALSE
248068,"a1953",FALSE
248069,"a1160",TRUE
248069,"a2587",FALSE
248070,"a2664",TRUE
248070,"a2665",FALSE
248070,"a2666",FALSE
248070,"a2667",FALSE
248075,"a1457",TRUE
248084,"a2433",TRUE
248084,"a1186",FALSE
248085,"a2045",TRUE
248085,"a2668",FALSE
248093,"a2135",TRUE
248093,"a2420",FALSE
248097,"a2669",TRUE
248097,"a1507",FALSE
248097,"a2670",FALSE
248099,"a1792",TRUE
248099,"a2056",FALSE
248099,"a1430",FALSE
248116,"a2671",TRUE
248117,"a2014",TRUE
248117,"a2015",FALSE
248117,"a1352",FALSE
248121,"a2672",TRUE
248121,"a1131",FALSE
248123,"a2673",TRUE
248123,"a1386",FALSE
248124,"a1372",TRUE
248124,"a1373",FALSE
248147,"a2674",TRUE
248147,"a1762",FALSE
248153,"a2675",TRUE
248153,"a2676",FALSE
248153,"a1903",FALSE
248156,"a2446",TRUE
248156,"a2212",FALSE
248156,"a2677",FALSE
248156,"a2678",FALSE
248160,"a1862",TRUE
248160,"a1429",FALSE
248160,"a2679",FALSE
248160,"a2680",FALSE
248162,"a2681",TRUE
248162,"a1210",FALSE
248165,"a2682",TRUE
248165,"a1764",FALSE
248165,"a1263",FALSE
248175,"a2683",TRUE
248175,"a2684",FALSE
248175,"a2685",FALSE
248180,"a2686",TRUE
248186,"a2687",TRUE
248186,"a2664",FALSE
248186,"a2688",FALSE
248186,"a2689",FALSE
248186,"a2690",FALSE
248186,"a2691",FALSE
248194,"a2050",TRUE
248194,"a2281",FALSE
248194,"a2692",FALSE
248194,"a2033",FALSE
248195,"a2693",TRUE
248195,"a2694",FALSE
248195,"a2695",FALSE
248202,"a2671",TRUE
248202,"a1314",FALSE
248208,"a2696",TRUE
248208,"a1949",FALSE
248208,"a2697",FALSE
248209,"a2145",TRUE
248209,"a2698",FALSE
248209,"a2699",FALSE
248210,"a1642",TRUE
248210,"a1762",FALSE
248211,"a1121",TRUE
248211,"a1122",FALSE
248211,"a2700",FALSE
248211,"a1454",FALSE
248211,"a2701",FALSE
248215,"a2702",TRUE
248215,"a1633",FALSE
248215,"a1430",FALSE
248217,"a2592",TRUE
248217,"a2593",FALSE
248217,"a1766",FALSE
248225,"a2703",TRUE
248225,"a2704",FALSE
248225,"a2705",FALSE
248228,"a2706",TRUE
248228,"a1910",FALSE
248229,"a2707",TRUE
248229,"a2708",FALSE
248229,"a2709",FALSE
248238,"a2710",TRUE
248238,"a1812",FALSE
248238,"a2236",FALSE
248240,"a1530",TRUE
248240,"a1290",FALSE
248240,"a1531",FALSE
248242,"a2711",TRUE
248242,"a2712",FALSE
248242,"a2713",FALSE
248250,"a1280",TRUE
248250,"a2714",FALSE
248250,"a2715",FALSE
248251,"a1217",TRUE
248251,"a2716",FALSE
248253,"a2717",TRUE
248253,"a1574",FALSE
248253,"a2718",FALSE
248253,"a2719",FALSE
248253,"a2720",FALSE
248253,"a2721",FALSE
248253,"a2722",FALSE
248253,"a2723",FALSE
248253,"a2724",FALSE
248253,"a2725",FALSE
248253,"a2726",FALSE
248253,"a2727",FALSE
248253,"a2728",FALSE
248253,"a2305",FALSE
248253,"a2729",FALSE
248253,"a1131",FALSE
248253,"a2730",FALSE
248266,"a1235",TRUE
248266,"a2731",FALSE
248286,"a2732",TRUE
248286,"a2733",FALSE
248286,"a1358",FALSE
248286,"a2734",FALSE
248287,"a2735",TRUE
248291,"a2736",TRUE
248291,"a1411",FALSE
248291,"a2737",FALSE
248300,"a1551",TRUE
248306,"a1605",TRUE
248306,"a1282",FALSE
248306,"a2738",FALSE
248308,"a1181",TRUE
248322,"a2739",TRUE
248322,"a2290",FALSE
248322,"a2224",FALSE
248322,"a2740",FALSE
248325,"a1324",TRUE
248325,"a1325",FALSE
248325,"a1511",FALSE
248325,"a2272",FALSE
248331,"a2741",TRUE
248331,"a2742",FALSE
248331,"a1932",FALSE
248331,"a1547",FALSE
248334,"a2743",TRUE
248334,"a2744",FALSE
248334,"a2745",FALSE
248334,"a2746",FALSE
248335,"a2747",TRUE
248335,"a2748",FALSE
248336,"a2749",TRUE
248336,"a1913",FALSE
248336,"a2750",FALSE
248336,"a2751",FALSE
248339,"a1370",TRUE
248345,"a2212",TRUE
248345,"a1668",FALSE
248345,"a1314",FALSE
248352,"a2752",TRUE
248352,"a2753",FALSE
248364,"a2754",TRUE
248364,"a2755",FALSE
248364,"a2624",FALSE
248364,"a2756",FALSE
248384,"a2757",TRUE
248384,"a2758",FALSE
248384,"a2147",FALSE
248384,"a1739",FALSE
248385,"a1195",TRUE
248385,"a1197",FALSE
248391,"a2759",TRUE
248391,"a2760",FALSE
248391,"a2761",FALSE
248395,"a2762",TRUE
248395,"a2763",FALSE
248395,"a2764",FALSE
248395,"a1568",FALSE
248395,"a2765",FALSE
248398,"a2766",TRUE
248398,"a1359",FALSE
248398,"a1282",FALSE
248398,"a1360",FALSE
248403,"a1198",TRUE
248403,"a1491",FALSE
248406,"a2767",TRUE
248406,"a2768",FALSE
248406,"a2769",FALSE
248406,"a2770",FALSE
248408,"a1266",TRUE
248408,"a2096",FALSE
248408,"a1178",FALSE
248409,"a1830",TRUE
248409,"a1857",FALSE
248415,"a2771",TRUE
248415,"a2772",FALSE
248415,"a2773",FALSE
248415,"a2774",FALSE
248416,"a2775",TRUE
248416,"a2776",FALSE
248416,"a2777",FALSE
248416,"a2627",FALSE
248416,"a2778",FALSE
248419,"a1615",TRUE
248419,"a1616",FALSE
248419,"a1617",FALSE
248420,"a2045",TRUE
248420,"a2779",FALSE
248420,"a2449",FALSE
248423,"a2780",TRUE
248423,"a2781",FALSE
248423,"a2782",FALSE
248423,"a2783",FALSE
248423,"a2784",FALSE
248423,"a2785",FALSE
248423,"a2786",FALSE
248423,"a2787",FALSE
248423,"a2788",FALSE
248423,"a2789",FALSE
248426,"a2790",TRUE
248426,"a2791",FALSE
248426,"a2792",FALSE
248434,"a2793",TRUE
248434,"a2794",FALSE
248439,"a1843",TRUE
248439,"a2795",FALSE
248441,"a2284",TRUE
248442,"a2796",TRUE
248442,"a2797",FALSE
248442,"a2798",FALSE
248442,"a1289",FALSE
248448,"a2305",TRUE
248448,"a1131",FALSE
248451,"a2799",TRUE
248451,"a2800",FALSE
248454,"a1731",TRUE
248454,"a2801",FALSE
248454,"a2802",FALSE
248455,"a2803",TRUE
248462,"a1166",TRUE
248462,"a2434",FALSE
248462,"a2641",FALSE
248462,"a2435",FALSE
248467,"a2804",TRUE
248467,"a1752",FALSE
248474,"a2805",TRUE
248474,"a2275",FALSE
248474,"a1932",FALSE
248476,"a2732",TRUE
248476,"a1358",FALSE
248477,"a2806",TRUE
248477,"a1153",FALSE
248484,"a2807",TRUE
248484,"a2808",FALSE
248489,"a1507",TRUE
248489,"a2670",FALSE
248489,"a1290",FALSE
248491,"a2210",TRUE
248491,"a2211",FALSE
248500,"a2299",TRUE
248510,"a1726",TRUE
248513,"a2809",TRUE
248513,"a1334",FALSE
248514,"a2581",TRUE
248514,"a1956",FALSE
248514,"a1429",FALSE
248514,"a1313",FALSE
248518,"a2810",TRUE
248518,"a2811",FALSE
248518,"a2812",FALSE
248518,"a2813",FALSE
248520,"a2814",TRUE
248520,"a2815",FALSE
248520,"a2816",FALSE
248520,"a1887",FALSE
248520,"a2817",FALSE
248522,"a2220",TRUE
248530,"a2818",TRUE
248530,"a1514",FALSE
248532,"a1606",TRUE
248532,"a2819",FALSE
248532,"a1429",FALSE
248534,"a2820",TRUE
248534,"a1204",FALSE
248534,"a2821",FALSE
248535,"a1298",TRUE
248535,"a2822",FALSE
248535,"a1715",FALSE
248535,"a2823",FALSE
248535,"a1755",FALSE
248535,"a2824",FALSE
248535,"a2825",FALSE
248536,"a2430",TRUE
248536,"a2826",FALSE
248536,"a1158",FALSE
248540,"a2827",TRUE
248540,"a1471",FALSE
248540,"a2441",FALSE
248544,"a1633",TRUE
248544,"a2657",FALSE
248545,"a2293",TRUE
248545,"a1201",FALSE
248545,"a1202",FALSE
248547,"a2828",TRUE
248547,"a2829",FALSE
248547,"a2830",FALSE
248547,"a1735",FALSE
248547,"a1896",FALSE
248547,"a2831",FALSE
248549,"a2832",TRUE
248549,"a2833",FALSE
248551,"a2834",TRUE
248551,"a1668",FALSE
248551,"a1491",FALSE
248555,"a2835",TRUE
248555,"a2836",FALSE
248555,"a1883",FALSE
248555,"a2837",FALSE
248555,"a2838",FALSE
248555,"a1885",FALSE
248555,"a2839",FALSE
248561,"a2840",TRUE
248561,"a2617",FALSE
248576,"a1262",TRUE
248576,"a1483",FALSE
248576,"a1484",FALSE
248577,"a1324",TRUE
248577,"a1325",FALSE
248577,"a1326",FALSE
248577,"a2841",FALSE
248579,"a1479",TRUE
248579,"a2669",FALSE
248579,"a2842",FALSE
248579,"a1507",FALSE
248581,"a1471",TRUE
248583,"a2843",TRUE
248583,"a1583",FALSE
248587,"a1754",TRUE
248587,"a2844",FALSE
248587,"a2113",FALSE
248591,"a1217",TRUE
248591,"a2716",FALSE
248595,"a1615",TRUE
248595,"a1616",FALSE
248595,"a1617",FALSE
248600,"a1121",TRUE
248600,"a2626",FALSE
248600,"a1148",FALSE
248600,"a2628",FALSE
248600,"a2845",FALSE
248601,"a2846",TRUE
248601,"a1153",FALSE
248601,"a2847",FALSE
248606,"a2848",TRUE
248606,"a1321",FALSE
248606,"a2849",FALSE
248606,"a1322",FALSE
248607,"a2850",TRUE
248607,"a2851",FALSE
248610,"a1323",TRUE
248610,"a1835",FALSE
248613,"a2852",TRUE
248613,"a2586",FALSE
248613,"a2853",FALSE
248615,"a1875",TRUE
248615,"a2854",FALSE
248615,"a2443",FALSE
248615,"a2187",FALSE
248615,"a1876",FALSE
248621,"a2855",TRUE
248624,"a2856",TRUE
248624,"a2857",FALSE
248628,"a2858",TRUE
248628,"a2859",FALSE
248628,"a2860",FALSE
248642,"a2861",TRUE
248642,"a2862",FALSE
248642,"a2863",FALSE
248650,"a2126",TRUE
248650,"a2864",FALSE
248650,"a1302",FALSE
248650,"a1344",FALSE
248666,"a1878",TRUE
248666,"a2865",FALSE
248666,"a1880",FALSE
248673,"a1166",TRUE
248673,"a1167",FALSE
248673,"a1168",FALSE
248673,"a1169",FALSE
248673,"a2866",FALSE
248674,"a2867",TRUE
248674,"a1998",FALSE
248677,"a2415",TRUE
248677,"a2868",FALSE
248681,"a2175",TRUE
248681,"a1932",FALSE
248681,"a2869",FALSE
248700,"a2870",TRUE
248700,"a2871",FALSE
248703,"a2872",TRUE
248703,"a2873",FALSE
248703,"a2874",FALSE
248703,"a2342",FALSE
248703,"a2875",FALSE
248703,"a2876",FALSE
248704,"a2877",TRUE
248704,"a2878",FALSE
248704,"a1886",FALSE
248704,"a2879",FALSE
248705,"a2880",TRUE
248705,"a1273",FALSE
248705,"a1274",FALSE
248709,"a2311",TRUE
248709,"a2312",FALSE
248713,"a2881",TRUE
248721,"a2882",TRUE
248721,"a2883",FALSE
248721,"a2884",FALSE
248722,"a2885",TRUE
248722,"a2886",FALSE
248730,"a2887",TRUE
248732,"a1942",TRUE
248732,"a2888",FALSE
248732,"a2889",FALSE
248741,"a2890",TRUE
248741,"a2891",FALSE
248741,"a2892",FALSE
248741,"a2893",FALSE
248748,"a2894",TRUE
248748,"a2895",FALSE
248748,"a2896",FALSE
248749,"a1992",TRUE
248749,"a2128",FALSE
248751,"a2897",TRUE
248751,"a2898",FALSE
248751,"a2899",FALSE
248751,"a2900",FALSE
248754,"a1129",TRUE
248754,"a2901",FALSE
248754,"a2902",FALSE
248754,"a2903",FALSE
248754,"a1476",FALSE
248754,"a2904",FALSE
248754,"a1130",FALSE
248754,"a1478",FALSE
248754,"a2726",FALSE
248754,"a2305",FALSE
248754,"a2729",FALSE
248754,"a2905",FALSE
248754,"a1131",FALSE
248757,"a1458",TRUE
248757,"a2056",FALSE
248760,"a1455",TRUE
248760,"a1456",FALSE
248761,"a1467",TRUE
248761,"a2056",FALSE
248763,"a2906",TRUE
248763,"a1359",FALSE
248763,"a2907",FALSE
248763,"a2908",FALSE
248763,"a2909",FALSE
248765,"a2212",TRUE
248765,"a2910",FALSE
248765,"a1314",FALSE
248768,"a2911",TRUE
248768,"a2912",FALSE
248768,"a2913",FALSE
248773,"a2914",TRUE
248773,"a2915",FALSE
