"author","author_id"
"Daniel Genkin","a1"
"Daniel Gruss","a2"
"Michael Schwarz 0001","a3"
"Mike Hamburg","a4"
"Moritz Lipp","a5"
"Paul Kocher","a6"
"Stefan Mangard","a7"
"Thomas Prescher 0002","a8"
"Werner Haas 0004","a9"
"Yuval Yarom","a10"
"Frank Manola","a11"
"Michael L. Brodie","a12"
"Michael Stonebraker","a13"
"Farshad Nayeri","a14"
"Joe D. Morrison","a15"
"Mark F. Hornick","a16"
"Alejandro P. Buchmann","a17"
"Dimitrios Georgakopoulos","a18"
"M. Tamer Özsu","a19"
"Sandra Heiler","a20"
"Benjamin Hurwitz","a21"
"Cetin Ozbutun","a22"
"David Beech","a23"
"Jim Melton","a24"
"Jonathan Bauer","a25"
"Krishna G. Kulkarni","a26"
"Mike Kelley","a27"
"Phil Shaw","a28"
"Rolf Sander","a29"
"Thomas Ludwig 0001","a30"
"Claus-Rainer Rollinger","a31"
"Werner Emde","a32"
"Christoph Beierle","a33"
"Hans Uszkoreit","a34"
"Udo Pletat","a35"
"Ido Dagan","a36"
"Ulrike Rackow","a37"
"Ulrike Schwall","a38"
"Brigitte Bartsch-Spörl","a39"
"Burkhard Kehrbusch","a40"
"Erich Gehlen","a41"
"Gert Smolka","a42"
"Markus Höhfeld","a43"
"Birgit Wesche","a44"
"Christopher Habel","a45"
"Albert Maier","a46"
"Bernd Walter","a47"
"Michael Ley","a48"
"Stefan Benzschawel","a49"
"Egon Börger","a50"
"Roland Seiffert","a51"
"Gisela Schöpke","a52"
"Stefan Böttcher","a53"
"Rudi Studer","a54"
"Toni Bollinger","a55"
"Carola Eschenbach","a56"
"Manfred Schmidt-Schauß","a57"
"Hans-Joachim Goltz","a58"
"Otthein Herzog","a59"
"Bernhard Beckert","a60"
"Stefan J. Schierholz","a61"
"Birgit Wendholt","a62"
"Gudrun Klose","a63"
"Klaus Rehkämper","a64"
"Michael Herweg","a65"
"Mohammed Nadjib Khenkhar","a66"
"Simone Pribbenow","a67"
"Anja Theuner","a68"
"Peter H. Schmitt","a69"
"Claudia Maienborn","a70"
"Angelika Storrer","a71"
"Brigitte Bläser","a72"
"Esther König","a73"
"Claudia Mrotzek","a74"
"Stefan Börner","a75"
"Lutz Voelkel","a76"
"Kai-Uwe Carstensen","a77"
"Martin Hübner","a78"
"Ulrike Weiland","a79"
"Michael Czymmeck","a80"
"Michael Tarnowski","a81"
"Helmar Gust","a82"
"Mechthild Rickheit","a83"
"Petra Ludewig","a84"
"Kai von Luck","a85"
"Elisabeth Neugebauer","a86"
"Eric Mays","a87"
"Sitaram Lanka","a88"
"Petra Maier","a89"
"Bruce G. Lindsay 0001","a90"
"Michel E. Adiba","a91"
"Ewald Lang","a92"
"Thomas Pirlein","a93"
"Gerd Kortüm","a94"
"Ipke Wachsmuth","a95"
"Ingrid Renz","a96"
"Noam Paz","a97"
"Kurt Eberle","a98"
"Gregor Erbach","a99"
"Christos Garidis","a100"
"Jennifer A. Brundage","a101"
"Maren Kresse","a102"
"Eric Windisch","a103"
"Peter Gerstl","a104"
"Dines Bjørner","a105"
"E. F. Codd","a106"
"Irving L. Traiger","a107"
"Kenneth L. Deckert","a108"
"Sonja Müller","a109"
"Rolf Mayer","a110"
"Rüdiger Wirth","a111"
"Holger M. Wittmann","a112"
"Jan Wilms","a113"
"Bernd Abb","a114"
"Kai Lebeth","a115"
"Jörg Heinrich","a116"
"Andreas Eisele 0001","a117"
"Jochen Dörre","a118"
"Rainer Bäuerle","a119"
"Sven Lorenz","a120"
"Michael Klein","a121"
"Chin-Liang Chang","a122"
"Jean-Marc Cadiou","a123"
"Nick Roussopoulos","a124"
"Robert S. Arnold","a125"
"Tibor Kiss","a126"
"Wolfgang Wernecke","a127"
"Ulrich Hedtstück","a128"
"Petra Steffens","a129"
"Manfred Grothaus","a130"
"Karin Klabunde","a131"
"Karl Dotzek","a132"
"H. Raymond Strong","a133"
"Sai Choi Kwan","a134"
"Nikolaus Ott","a135"
"Christian Rohrer","a136"
"F. Günthner","a137"
"Siegfried Kanngießer","a138"
"Elisabeth Breidt","a139"
"Oliver Wauschkuhn","a140"
"Angi Voß","a141"
"Ingo Raasch","a142"
"Bernd I. Dahn","a143"
"Theodor Lettmann","a144"
"Wolfgang Schönfeld","a145"
"Cesare A. Galtieri","a146"
"Jim Gray 0001","a147"
"Astrid Schmücker-Schend","a148"
"Christoph Lingenfelder","a149"
"Joachim Maier","a150"
"Hinrich Schütze","a151"
"Jörg H. Siekmann","a152"
"Herbert J. Leass","a153"
"Walter G. Olthoff","a154"
"Reiner Hähnle","a155"
"Stefan Gerberding","a156"
"Werner Kernig","a157"
"Gregor Meyer","a158"
"Andreas Arning","a159"
"Raymond A. Lorie","a160"
"Bernhard Nebel","a161"
"Petra Schulz","a162"
"Sebastian Millies","a163"
"Heiner Semle","a164"
"Anne Schiller","a165"
"M. Wermke","a166"
"Karl-Hans Bläsius","a167"
"Elke Busch","a168"
"Bernd Page","a169"
"D. Eberle","a170"
"D. Marx","a171"
"Jürgen Pietsch","a172"
"P. Klug-Lier","a173"
"R. Zieschank","a174"
"Volker Jantzen","a175"
"Ralph Scheubrein","a176"
"William C. Rounds","a177"
"Kurt Rothermel","a178"
"Bart Geurts","a179"
"Josef Gemander","a180"
"Wilfried Hötker","a181"
"Karel Oliva","a182"
"Uwe Reyle","a183"
"Jutta Kreiß","a184"
"Jürgen Manowsky","a185"
"Karl Schlechta","a186"
"Geoffrey Simmons","a187"
"Arne Pott","a188"
"Rob A. van der Sandt","a189"
"Vera Watson","a190"
"Adrian Müller","a191"
"Robert A. Weida","a192"
"Robert Dionne","a193"
"Peter Bosch","a194"
"George Markowsky","a195"
"Stefan Bayerl","a196"
"Günther Görz","a197"
"Kjell Johan Sæbø","a198"
"Jean-Yves Lerner","a199"
"Ulrich Schatz","a200"
"Gosse Bouma","a201"
"Donald D. Chamberlin","a202"
"Raymond F. Boyce","a203"
"Bradford W. Wade","a204"
"Karin Neuhold","a205"
"Richard Rödler","a206"
"Gerd Hoff","a207"
"Martin Mundhenk","a208"
"Manfred Laumen","a209"
"Christoph Meinel","a210"
"Harald Sack","a211"
"Volker Schillings","a212"
"Carsten Damm","a213"
"Martin Gugat","a214"
"Nguyen V. Thoai","a215"
"El-Sayed M. E. Mostafa","a216"
"Friedemann Leibfritz","a217"
"Belinda B. King","a218"
"A. Battermann","a219"
"Ekkehard W. Sachs","a220"
"Eyal Arian","a221"
"John Westwater","a222"
"Peter Gritzmann","a223"
"Victor Klee","a224"
"Dieter Baum","a225"
"Florian Jarre","a226"
"Anna Slobodová","a227"
"Alexander Kaplan","a228"
"M. Böhm","a229"
"Rainer Tichatschke","a230"
"Tim Voetmann","a231"
"Artur Czumaj","a232"
"Krzysztof Lorys","a233"
"Miroslaw Kutylowski","a234"
"Przemyslawa Kanarek","a235"
"Klaus Jansen","a236"
"Klaus Lux","a237"
"Markus Wiegelmann","a238"
"Christian Fecht","a239"
"Helmut Seidl","a240"
"Jordan Gergov","a241"
"Harald Luschgy","a242"
"Matthias Heinkenschloss","a243"
"Bernd Sturmfels","a244"
"Arno Wagner","a245"
"Christian Stangier","a246"
"Mirjam Dür","a247"
"Reiner Horst","a248"
"Beniamino Di Martino","a249"
"Christoph W. Keßler","a250"
"Wei Zhou 0006","a251"
"Anna Bernasconi 0001","a252"
"Igor E. Shparlinski","a253"
"Le Dung Muu","a254"
"Kasyap Natarajan","a255"
"Hubertus Th. Jongen","a256"
"Oliver Stein","a257"
"M. Nast","a258"
"Lothar Breuer","a259"
"Daniel Görgen","a260"
"Hannes Frey","a261"
"Johannes K. Lehnert","a262"
"Peter Sturm 0001","a263"
"Patrick Reuther","a264"
"E. Levitin","a265"
"Jürgen Huschens","a266"
"Marco Fahl","a267"
"Andreas Neumann 0001","a268"
"Randal E. Bryant","a269"
"Subhendu Bikash Hazra","a270"
"Volker Schulz 0001","a271"
"Elena Dubrova","a272"
"Horst Schmitt","a273"
"Peter Willems","a274"
"Igor N. Kovalenko","a275"
"Dieter Prangenberg","a276"
"R. J. Gardner","a277"
"János Sztrik","a278"
"Oliver Möller","a279"
"Ulrich Hertrampf","a280"
"Thomas Burger","a281"
"Jochen Bern","a282"
"Heidi Jäger","a283"
"Thomas Erlebach","a284"
"Flemming Nielson","a285"
"Gurami Tsitsiashvili","a286"
"Patrick Justen","a287"
"Klaus Schwettmann","a288"
"Ulrich Raber","a289"
"Fabio Somenzi","a290"
"Thorsten Theobald","a291"
"Abdelouahed Hamdi","a292"
"Attahiru Sule Alfa","a293"
"Siegfried Graf 0001","a294"
"Jens Hofmann 0001","a295"
"Norbert Th. Müller","a296"
"Jan-J. Rückmann","a297"
"Volker Klotz","a298"
"Dimitri Efrosinin","a299"
"Vladimir Rykov","a300"
"Gerhard J. Woeginger","a301"
"Hans L. Bodlaender","a302"
"Michael Ruvimovich Davidson","a303"
"Stephan Waack","a304"
"Holger Class","a305"
"Rainer Helmig","a306"
"Katja Lenz","a307"
"Alexander Hufnagel","a308"
"David G. Larman","a309"
"D. Kleis","a310"
"Petra Scheffler","a311"
"Stasys Jukna","a312"
"Mikail Gevantmakher","a313"
"Tankred Rautert","a314"
"Luciano Lenzini","a315"
"S. Rotin","a316"
"Dirk Frosch","a317"
"Craig Smith","a318"
"Vladimir V. Kalashnikov","a319"
"C. Ould Ahmed Salem","a320"
"N. Lehdili","a321"
"Matthias Krause 0001","a322"
"Andreas Brieden","a323"
"Marco Gilbert","a324"
"Lars Abbe","a325"
"Sebastian Maneth","a326"
"Thomas Perst","a327"
"Helmut Finner","a328"
"Markus Roters","a329"
"Jirí Sgall","a330"
"M. A. Osipova","a331"
"N. V. Koliev","a332"
"Oleg V. Khamisov","a333"
"Markus Holzer 0001","a334"
"Markus Müller-Olm","a335"
"Varmo Vene","a336"
"Feng Cheng 0002","a337"
"Paul Ferring","a338"
"Martin Luckow","a339"
"Dirk Frosch-Wilke","a340"
"Christopher Lusena","a341"
"Eric Allender","a342"
"Judy Goldsmith","a343"
"Rainer Hettich","a344"
"Matthias Transier","a345"
"Wolfgang Effelsberg","a346"
"Aditya V. Nori","a347"
"Anthony J. Hayter","a348"
"Joachim Reiter","a349"
"Rustam Mubarakzjanov","a350"
"Ulrich Holtmann","a351"
"C. T. Kelley","a352"
"Peter Rossmanith","a353"
"Michael Schmitt 0002","a354"
"Gianpiero Cabodi","a355"
"Stefano Quer","a356"
"Ditmar Erdmann","a357"
"Peter Dierolf","a358"
"Volker Schmidt","a359"
"Paul B. Hermanns","a360"
"Markus R. Schmidt","a361"
"Clemens Lautemann","a362"
"Heribert Vollmer","a363"
"Klaus W. Wagner","a364"
"Thomas Schwentick","a365"
"B. S. Tam","a366"
"Anderson Rocha 0001","a367"
"Jacques Wainer","a368"
"Michael Eckmann","a369"
"Siome Goldenstein","a370"
"Astrid Kiehn","a371"
"Bernd Simeon","a372"
"Claus Führer","a373"
"Peter Rentrop","a374"
"Heinrich Hussmann","a375"
"Ulrich Rüde","a376"
"Ulrich Furbach","a377"
"Christian Roth","a378"
"Erwin Loibl","a379"
"Markus Pawlowski","a380"
"Christian Sporrer","a381"
"Herbert Bauer","a382"
"Frits W. Vaandrager","a383"
"Rob van Glabbeek","a384"
"Ursula Goltz","a385"
"Christian Freksa","a386"
"Gerhard Dirlich","a387"
"Dirk Taubner","a388"
"Stephen L. Bloom","a389"
"Zoltán Ésik","a390"
"Peter Slavkovsky","a391"
"Michael Griebel","a392"
"Peter Oswald","a393"
"Burkhard Freitag","a394"
"Günther Specht","a395"
"Heribert Schütz","a396"
"Michael W. Binder","a397"
"Kristof Nast-Kolb","a398"
"Uwe M. Borghoff","a399"
"Arnd Poetzsch-Heffter","a400"
"Thomas Eisenbarth 0004","a401"
"Bernhard Schätz","a402"
"Marco Dorigo","a403"
"Manfred Broy","a404"
"Günter Böckle","a405"
"Siegfried Trosch","a406"
"Jürgen Schmidhuber","a407"
"Johann Schumann","a408"
"Manfred R. Jobmann","a409"
"Franz J. Kurfess","a410"
"Daniel Hernández 0001","a411"
"Rolf Niedermeier","a412"
"Sergei Gorlatch","a413"
"Michael Werner","a414"
"Wolfgang Heinle","a415"
"Christoph Zenger 0001","a416"
"Stefan Zimmer","a417"
"Jochen Hager","a418"
"Martin Moser","a419"
"Ilko Michler","a420"
"Bertram Fronhöfer","a421"
"Christoph Kreitz","a422"
"Gerd Neugebauer","a423"
"Michael Schneider","a424"
"Vytautas Cyras","a425"
"Evgenii V. Vorozhtsov","a426"
"Victor G. Ganzha","a427"
"Robert Gold","a428"
"Walter Vogler","a429"
"Gerhard Köstler","a430"
"Ulrich Güntzer","a431"
"Werner Kießling","a432"
"Werner Pohlmann","a433"
"Wolfgang Reisig","a434"
"Bernhard Reinmiedl","a435"
"Christoph Pflaum","a436"
"Johann M. Ph. Schumann","a437"
"Frank Dederichs","a438"
"Ketil Stølen","a439"
"Rainer Weber","a440"
"Wolfgang Ertel","a441"
"Peter Lory","a442"
"Claus Dendorfer","a443"
"Andreas Strasser","a444"
"Thomas Bonk","a445"
"Siegfried Meggendorfer","a446"
"Gerhard Weiss 0001","a447"
"Barbara I. Wohlmuth","a448"
"Ronald H. W. Hoppe","a449"
"Peter Weijland","a450"
"Andrea Eberhard","a451"
"Patrick Thomas","a452"
"Reinhold Letz","a453"
"Kai Zimmermann","a454"
"Peter Manhart","a455"
"Peter Baumgartner 0001","a456"
"Peter Baumgartner 0006","a457"
"Edward Ochmanski","a458"
"Klaus Reinhardt","a459"
"Volker Diekert","a460"
"Michael Luby","a461"
"Christian B. Suttner","a462"
"Thomas H. Krodel","a463"
"Geneviève Pourcin","a464"
"Sandra A. Hayes","a465"
"Martin Röscheisen","a466"
"Reimar Hofmann","a467"
"Volker Tresp","a468"
"Klaus Hallatschek","a469"
"Reiner Müller","a470"
"Friedrich L. Bauer","a471"
"Rudi Hettler","a472"
"Gabriele Scheler","a473"
"Christoph Goller","a474"
"Geoff Sutcliffe","a475"
"Theodor Yemenis","a476"
"Ekkart Kindler","a477"
"Inga Niepel","a478"
"Margit Kinder","a479"
"Till Brychcy","a480"
"Jörg Desel","a481"
"Max Fuchs","a482"
"Robert Balder","a483"
"Daniel Kobler","a484"
"Gerhard W. Zumbusch","a485"
"Andreas Listl","a486"
"Irmgard Schwarzer","a487"
"Stefan Högg","a488"
"Ernst W. Mayr","a489"
"Volker Heun","a490"
"Michael Roth","a491"
"Carlos Delgado Kloos","a492"
"Friederike Nickl","a493"
"Martin Eldracher","a494"
"Joachim F. Schreiber","a495"
"Steffen Hölldobler","a496"
"Michael Arbesmeier","a497"
"Klaus-Jörn Lange","a498"
"Eike Jessen","a499"
"Rudolf Hettler","a500"
"Reinhard Fössmeier","a501"
"Javier Esparza","a502"
"Johannes Bauer 0001","a503"
"Thomas Bemmerl","a504"
"Thomas Treml","a505"
"Hans Regler","a506"
"Dieter Dodenhöft","a507"
"Georg Strobl","a508"
"Wilfried Brauer","a509"
"Thomas F. Gritzner","a510"
"Oswald Giering","a511"
"Andreas Weininger","a512"
"Michael Friedrich 0001","a513"
"Thomas Schnekenburger","a514"
"Hubert Kiechle","a515"
"Angelika Mader","a516"
"Dieter Barnard","a517"
"Klaus Mayr","a518"
"Thomas Laußermair","a519"
"Rudolf Bayer","a520"
"Thomas Streicher","a521"
"Thierry Conrad","a522"
"Luitpold Babel","a523"
"Hans-Joachim Bungartz","a524"
"Stefan Eichholz","a525"
"B. M. Hearn","a526"
"Karl Meinke","a527"
"Frank Johannes","a528"
"Georg Sigl","a529"
"Henning Spruth","a530"
"Friedrich Erhard","a531"
"Hans Obermaier","a532"
"Hans-Jürgen Plewan","a533"
"Peter Schlenk","a534"
"Manfred Kunde","a535"
"Johann K. Obermaier","a536"
"Helmut Thöne","a537"
"Andreas Heise","a538"
"Cristian Dimitrovici","a539"
"Peter Pepper","a540"
"Max Moser","a541"
"Ralph Werchner","a542"
"Hermann Hellwagner","a543"
"Veronika Thurner","a544"
"Frank Leßke","a545"
"Stephen F. McCormick","a546"
"Erwin Klöck","a547"
"Siegfried Bocionek","a548"
"Christoph Pleier","a549"
"Zong-Yan Qiu","a550"
"Andrey V. Solovjov","a551"
"Mikhail Yu. Shashkov","a552"
"C. J. Date 0001","a553"
"Hugo Hellebrand","a554"
"Markus Casper","a555"
"Ralf Merz","a556"
"Rita Ley","a557"
"Patrick A. V. Hall","a558"
"Markus Tresch","a559"
"Andreas Rock","a560"
"Gayane Grigoryan","a561"
"Günther Heinemann","a562"
"Oliver Gronz","a563"
"Oliver Gutjahr","a564"
"Sarah R. Davies","a565"
"Colleen Murphy","a566"
"Paolo Gardoni","a567"
"Louise A. Dennis","a568"
"Steven R. Smith","a569"
"Lishan Lan","a570"
"Qin Zhu","a571"
"Yongmou Liu","a572"
"Indira Nair","a573"
"William M. Bulleit","a574"
"Jaime A. Teixeira da Silva","a575"
"Vito L. Punzi","a576"
"David Koepsell","a577"
"William J. Frey","a578"
"Amarjeet Singh 0004","a579"
"Kewal Krishan","a580"
"Neelam Dehal","a581"
"Tanuj Kanchan","a582"
"Adrian Treloar","a583"
"Alastair J. D. Macdonald","a584"
"Dimitrios Adamis","a585"
"Finbarr C. Martin","a586"
"Jinnie M. Garrett","a587"
"Stephanie J. Bird","a588"
"Brian Bowe","a589"
"Diana Adela Martin","a590"
"Eddie Conlon","a591"
"Petr Houdek","a592"
"Enrica Marchigiani","a593"
"Ileana Di Pomponio","a594"
"Margherita Bracci","a595"
"Oronzo Parlangeli","a596"
"Paola Palmitesta","a597"
"Stefano Guidi","a598"
"Laura Yenisa Cabrera Trujillo","a599"
"Sabrina Engel-Glatter","a600"
"Peter M. Attia","a601"
"Albert P. C. Chan","a602"
"Amos Darko","a603"
"Igor Martek","a604"
"M. Reza Hosseini","a605"
"Mahdi Tahmasebi","a606"
"Saeed Banihashemi","a607"
"Matthew Grellette","a608"
"Christian Gamborg","a609"
"Ellen-Marie Forsberg","a610"
"Karsten Klint Jensen","a611"
"Kate Millar","a612"
"Peter Sandøe","a613"
"Gizell Green","a614"
"Miri Barak","a615"
"Rafi Rashid","a616"
"Raymond E. Spier","a617"
"Fabrizia Faustinella","a618"
"Giovanni M. Pes","a619"
"Maria Pina Dore","a620"
"Lynne E. Olson","a621"
"Dena Plemmons","a622"
"Michael W. Kalichman","a623"
"Sylvia C. Pont","a624"
"Willem-Paul Brinkman","a625"
"Nikolas Stroth","a626"
"Anna Krizanova","a627"
"Jana Kliestikova","a628"
"Maria Misankova","a629"
"Tatiana Corejova","a630"
"Tomas Kliestik","a631"
"Seumas Miller","a632"
"Reena Cheruvalath","a633"
"Wha-Chul Son","a634"
"Cathal D. O'Connell","a635"
"Frédéric Gilbert 0003","a636"
"Susan Dodds","a637"
"Tajanka Mladenovska","a638"
"David M. Shaw","a639"
"Peter Morfeld","a640"
"Thomas C. Erren","a641"
"Guido Nicolosi","a642"
"Guido Ruivenkamp","a643"
"Lars Lindblom","a644"
"Per Wikman-Svahn","a645"
"Patrick L. Taylor","a646"
"Ioanna Semendeferi","a647"
"Ioannis T. Pavlidis","a648"
"Malcolm Dcosta","a649"
"Panagiotis Tsiamyrtzis","a650"
"Maarten C. A. van der Sanden","a651"
"Patricia Osseweijer","a652"
"Steven M. Flipse","a653"
"Vance W. Berger","a654"
"Antonio A. Casilli","a655"
"Antonio Santos-Ortega","a656"
"José Luis Molina","a657"
"Paola Tubaro","a658"
"Sven Ove Hansson","a659"
"Dan Perry","a660"
"Gad Perry","a661"
"Howard J. Curzer","a662"
"Mark C. Wallace","a663"
"Jukka Varelius","a664"
"David B. Resnik","a665"
"Kathy Partin","a666"
"Taraswi Banerjee","a667"
"Andrea Owe","a668"
"Mark Coeckelbergh","a669"
"Seth D. Baum","a670"
"Søren Holm","a671"
"Thomas Ploug","a672"
"Emel Aközer","a673"
"Mehmet Aközer","a674"
"Morten P. Oksvold","a675"
"Alexander Hevelke","a676"
"Julian Nida-Rümelin","a677"
"Ana Mlinaric","a678"
"Jelena Omazic","a679"
"Martina Horvat","a680"
"Vesna Supak-Smolcic","a681"
"Fern Wickson","a682"
"Adèle Paul-Hus","a683"
"Bryn Williams-Jones","a684"
"Cassidy R. Sugimoto","a685"
"Elise Smith","a686"
"Min Shi","a687"
"Vincent Larivière","a688"
"Zubin Master","a689"
"Michael Davis 0002","a690"
"Carol B. Fowler","a691"
"David L. Evers","a692"
"Jeffrey T. Mason","a693"
"Rebecca K. Mimnall","a694"
"Emmanuel Kingsford Owusu","a695"
"Erika Pärn","a696"
"Ming Shan","a697"
"Robert E. McGinn","a698"
"Raphael Cohen-Almagor","a699"
"Byron Newberry","a700"
"Greta Gorsuch","a701"
"Katherine A. Austin","a702"
"Thomas Darwin","a703"
"William D. Lawson","a704"
"Filippo Santoni de Sio","a705"
"Andreea Peca","a706"
"Bram Vanderborght","a707"
"Cristina Pop 0002","a708"
"Daniel O. David","a709"
"Ramona Simut","a710"
"Sebastian Pintea","a711"
"Conrad Heilmann","a712"
"Frances S. Grodzinsky","a713"
"Keith W. Miller 0001","a714"
"Marty J. Wolf","a715"
"Cary Moskovitz","a716"
"A. Lauren Crain","a717"
"Brian C. Martinson","a718"
"Carol R. Thrush","a719"
"Guangwei Hu","a720"
"Lex M. Bouter","a721"
"Natalie Evans","a722"
"Shaoxiong Brian Xu","a723"
"Bailey C. Davis","a724"
"Courtney E. Williams","a725"
"George C. Banks","a726"
"Lisa M. Rasmussen","a727"
"Mary M. Hausfeld","a728"
"René von Schomberg","a729"
"Alexander Mertens","a730"
"Christopher Brandl","a731"
"Frank Ole Flemisch","a732"
"Jochen Nelles","a733"
"Katharina Schäfer","a734"
"Martin Frenz","a735"
"Matthias Wille","a736"
"Peter Rasche","a737"
"Verena Nitsch","a738"
"Jessica Li","a739"
"Shengli Fu","a740"
"Katherine A. McComas","a741"
"Ralph J. Greenspan","a742"
"Anders Braarud Hanssen","a743"
"Hanne Marie Nielsen","a744"
"Ingrid Olesen","a745"
"Philippe A. Tanguy","a746"
"Thierry C. Pauchant","a747"
"Yoann Guntzburger","a748"
"Gianmarco Baldini","a749"
"Maarten Botterman","a750"
"Mariachiara Tallacchini","a751"
"Ricardo Neisse","a752"
"Bernice Elger","a753"
"Fabrice Jotterand","a754"
"Marcello Ienca","a755"
"Reto W. Kressig","a756"
"Tenzin Wangmo","a757"
"Arif Sari","a758"
"Simona Hasková","a759"
"Yue Liang Zheng","a760"
"Anna Marousková","a761"
"Marek Vochozka","a762"
"Vojtech Stehel","a763"
"Hugh P. Shanahan","a764"
"Louise Bezuidenhout","a765"
"Robert Quick","a766"
"Sven Nyholm","a767"
"Alison L. Antes","a768"
"Kari A. Baldwin","a769"
"Samuel V. Bruton","a770"
"Stephanie Solomon Cargill","a771"
"Tristan J. McIntosh","a772"
"Charles-Étienne Daniel","a773"
"Danielle Tapin","a774"
"Georges-Auguste Legault","a775"
"Jacques Beauvais","a776"
"Jean-Pierre Béland","a777"
"Johane Patenaude","a778"
"Jonathan Genest","a779"
"Louise Bernier","a780"
"Marie-Sol Poirier","a781"
"Patrick Boissy","a782"
"Vanessa Chenel","a783"
"Abhilash Kizhakenath","a784"
"Behnam Taebi","a785"
"Geerten van de Kaa","a786"
"Ibo van de Poel","a787"
"Jafar Rezaei 0001","a788"
"Angela Fortunato","a789"
"Claire Gloeckner","a790"
"Rosa Lynn Pinkus","a791"
"Anton Petrenko","a792"
"Dan McArthur","a793"
"Jason Borenstein","a794"
"Joseph R. Herkert","a795"
"George R. Hoffmann","a796"
"Khaled Moustafa","a797"
"Jameson M. Wetmore","a798"
"Shane Epting","a799"
"Michael J. Selgelid","a800"
"Nicholas G. Evans","a801"
"Ayanna M. Howard","a802"
"Noor Munirah Isa","a803"
"Bert van Wee","a804"
"Bert Gordijn","a805"
"David Wright 0003","a806"
"Declan O'Sullivan","a807"
"Karsten Weber","a808"
"Philip Brey","a809"
"Rowena Rodrigues","a810"
"Wessel Reijers","a811"
"Alex A. Karner","a812"
"Jessica Morley","a813"
"Luciano Floridi","a814"
"Camille Nebeker","a815"
"Cinnamon S. Bloss","a816"
"John Harlow","a817"
"Michelle Takemoto","a818"
"Nadir Weibel","a819"
"Rasheed Al Kotob","a820"
"Rubi Linares-Orozco","a821"
"Vincent Chan","a822"
"Glenn Borchardt","a823"
"Mehdi Dadkhah","a824"
"Mohammad Lagzian","a825"
"Alison Kretser","a826"
"Andrea Grantham","a827"
"Catherine Woteki","a828"
"Chavonda Jacobs-Young","a829"
"David B. Allison","a830"
"Delia Murphy","a831"
"Dorothea Vafiadis","a832"
"Jessica M. Wyndham","a833"
"Johanna Dwyer","a834"
"Kathryn J. Boor","a835"
"Linda J. Harris","a836"
"Rachelle Hollander","a837"
"Rickey Y. Yada","a838"
"Sarah M. Rovito","a839"
"Stefano Bertuzzi","a840"
"Todd Abraham","a841"
"Heidrun Åm","a842"
"Knut H. Sørensen","a843"
"Maria Bårdsen Hesjedal","a844"
"Roger Strand","a845"
"Susan A. Elmore","a846"
"Eric M. Meslin","a847"
"Leonidas G. Koniaris","a848"
"Mary I. Coombs","a849"
"Teresa A. Zimmers","a850"
"Matthew J. Dennis","a851"
"James A. Blumenthal","a852"
"Kenneth H. Funk II","a853"
"Wei-Tau Lee","a854"
"Catherine D'Ignazio","a855"
"Don Blair","a856"
"Hagit Keysar","a857"
"Pablo Rey-Mazón","a858"
"Shannon Dosemagen","a859"
"Grant Fore","a860"
"Justin L. Hess","a861"
"Brent D. Mittelstadt 0002","a862"
"Corinne Cath","a863"
"Mariarosaria Taddeo","a864"
"Sandra Wachter","a865"
"Hossein Yahaghi","a866"
"Javad Yahaghi","a867"
"Shahryar Sorooshian","a868"
"Gerd Michelsen","a869"
"Flavio Comim","a870"
"Georgina Curto","a871"
"Erik Laes","a872"
"Gunter Bombaerts","a873"
"Evan Selinger","a874"
"Jathan Sadowski","a875"
"Kyle Powys Whyte","a876"
"Susan G. Spierre","a877"
"Thomas P. Seager","a878"
"Auke J. K. Pols","a879"
"Carl Mitcham","a880"
"Gary Lee Downey","a881"
"Juan C. Lucena","a882"
"Hans Peter Graf","a883"
"Miguel Roig","a884"
"Sonia Maria Ramos de Vasconcelos","a885"
"Eugenijus Gefenas","a886"
"Jurate Lekstutiene","a887"
"Chijs van Nieuwenhuizen","a888"
"David Buitenweg","a889"
"Ilja L. Bongers","a890"
"Ivo Maathuis","a891"
"Maartje G. H. Niezen","a892"
"Eran Klein","a893"
"Frida Simonstein","a894"
"Gary Santillanes","a895"
"Ryan Marshall Felder","a896"
"Douglas Walton","a897"
"Glen Miller","a898"
"Dalal M. Al Tamimi","a899"
"Magdy A. Kharoshah","a900"
"Mohammed Madadin","a901"
"Ritesh G. Menezes","a902"
"Savita Lasrado","a903"
"Vijaya Marakala","a904"
"Jasmin Wilson","a905"
"Patricia Ann Mabrouk","a906"
"Yiyang Gao","a907"
"Joost Alleblas","a908"
"Brian P. Coppola","a909"
"Huai Sun","a910"
"India C. Plough","a911"
"Matthew Benjamin Reisman","a912"
"Aceil Al-Khatib","a913"
"Mathieu Bouville","a914"
"Manjur S. Kolhar","a915"
"Alain Braillon","a916"
"J. Fdez-Valdivia","a917"
"Jose A. García 0001","a918"
"Rosa Rodríguez-Sánchez","a919"
"Benedicte Wilson","a920"
"Erika Palmer","a921"
"Barbara K. Redman","a922"
"Roel Snieder","a923"
"Somsri Wiwanitkit","a924"
"Viroj Wiwanitkit","a925"
"Kristine Bærøe","a926"
"Torbjørn Gundersen","a927"
"William E. Kastenberg","a928"
"Emily Bell","a929"
"Mary E. Sunderland","a930"
"Rahul Uday Nayak","a931"
"Angel Peiró-Signes","a932"
"María-del-Val Segarra-Oña","a933"
"Roberto Cervelló-Royo","a934"
"Anne-Floor J. de Kanter","a935"
"Annelien L. Bredenoord","a936"
"Carlijn V. C. Bouten","a937"
"Karin Jongsma","a938"
"Daming Zhang","a939"
"Qinghui Suo","a940"
"Yang Liu","a941"
"Peter Kroes","a942"
"Kelly Laas","a943"
"Daniele Chiffi","a944"
"Lorenza Petrini","a945"
"Luca Zanetti","a946"
"Elizabeth A. Boyd","a947"
"Lisa A. Bero","a948"
"Philip J. Langlais","a949"
"Aimee van Wynsberghe","a950"
"Emma Keuleyan","a951"
"Amos K. Laar","a952"
"Arthur Caplan","a953"
"Kyle Ferguson","a954"
"Andrea Di Cencio","a955"
"Lhassan M'Barki","a956"
"Mohamed Abioui","a957"
"Mohamed Dades","a958"
"Mohammed Benssaou","a959"
"Abhishek Tandon","a960"
"Frederick Grinnell","a961"
"Barbara E. Ribeiro","a962"
"Robert D. J. Smith","a963"
"Alex Richman","a964"
"Vincent Richman","a965"
"Ahmed Fouad Bouras","a966"
"Hadjar Toumi","a967"
"Lamia Kara","a968"
"Mustapha Benmansour","a969"
"Nassim Kazitani","a970"
"Noureddine Bettahar","a971"
"Arie Rip","a972"
"Christine Winberg","a973"
"Penelope Engel-Hills","a974"
"Daniele Fanelli","a975"
"Vanja Pupovac","a976"
"Ali Shirzadi","a977"
"Ashish Patel","a978"
"Doniel Drazin","a979"
"George Hanna","a980"
"Kevin Spitler","a981"
"Milos Cekic","a982"
"Ray Chu","a983"
"Gianluigi Viscusi","a984"
"Kyriaki Papageorgiou","a985"
"Maja Horst","a986"
"Mladen Petrovecki","a987"
"Snjezana Prijic-Samarzija","a988"
"Kelly Joslin Holloway","a989"
"James A. Stieb","a990"
"Charles E. Harris","a991"
"Jessica Smith Rolston","a992"
"William T. Lynch","a993"
"Matthew A. Butkus","a994"
"Ramón Queraltó","a995"
"Christopher Lawrence","a996"
"Keith Raffel","a997"
"L. Mahadevan","a998"
"Sam Weiss Evans","a999"
"Sheila Jasanoff","a1000"
"Steffen Steinert","a1001"
"Alison J. Kerr","a1002"
"Andrew Chung","a1003"
"Athena Lin","a1004"
"Steven Puylaert","a1005"
"Udo Pesch","a1006"
"Ben A. Minteer","a1007"
"James P. Collins","a1008"
"Charlotte Stix","a1009"
"Charles-Henry Frouart","a1010"
"Christian Hervé","a1011"
"Christophe Le Tourneau","a1012"
"Guillaume Vogt","a1013"
"Henri-Corto Stoeklé","a1014"
"Marie-France Mamzer-Bruneel","a1015"
"Pierre Laurent-Puig","a1016"
"Svetlana Zernes","a1017"
"Eun Ah Lee","a1018"
"Magdalena Grohman","a1019"
"Marco Tacca","a1020"
"Matthew J. Brown","a1021"
"Nicholas R. Gans","a1022"
"Ruchen Wen","a1023"
"Ryan Blake Jackson","a1024"
"Tom Williams 0001","a1025"
"Susanne Öchsner","a1026"
"Ulrike Felt","a1027"
"Haldun M. Özaktas","a1028"
"Nora Freya Lindemann","a1029"
"Balamuralithara Balakrishnan","a1030"
"Fumihiko Tochinai","a1031"
"Hidekazu Kanemitsu","a1032"
"Emily A. Ronning","a1033"
"Melissa S. Anderson","a1034"
"Raymond de Vries","a1035"
"Matthew A. Allison","a1036"
"Sean T. Powell","a1037"
"Ronnie Hawkins","a1038"
"Shlomo Mark","a1039"
"Yotam Lurie","a1040"
"David W. Flater","a1041"
"Yelena Yesha","a1042"
"Bharat K. Bhargava","a1043"
"Jagannathan Srinivasan","a1044"
"Prasun Dewan","a1045"
"Yin-he Jiang","a1046"
"Olivier Ridoux","a1047"
"Arif Ghafoor","a1048"
"P. Bruce Berra","a1049"
"Antoine Rauzy","a1050"
"Hava T. Siegelmann","a1051"
"Ophir Frieder","a1052"
"Alexander Bockmayr","a1053"
"Shirley Browne","a1054"
"Nabil R. Adam","a1055"
"Ramesh Subramanian","a1056"
"Barbara Gängler","a1057"
"James Clifford","a1058"
"Arie Segev","a1059"
"Rakesh Chandra","a1060"
"Pascal Van Hentenryck","a1061"
"Vijay A. Saraswat","a1062"
"Yves Deville","a1063"
"Godehard Link","a1064"
"Frédéric Benhamou","a1065"
"Michel Rueher","a1066"
"Manfred Börkel","a1067"
"Ramez Elmasri","a1068"
"Vram Kouramajian","a1069"
"Haiyan Ye","a1070"
"Kokou Yétongnon","a1071"
"Martin Andersson","a1072"
"Stefano Spaccapietra","a1073"
"Yann Dupont","a1074"
"François Fages","a1075"
"H. V. Jagadish","a1076"
"Narain H. Gehani","a1077"
"Oded Shmueli","a1078"
"Stanley Y. W. Su","a1079"
"Yuh-Ming Shyy","a1080"
"Hans-Joachim Novak","a1081"
"Zuzana Krifka Dobes","a1082"
"Dieter Fensel","a1083"
"Dieter Landes","a1084"
"Jürgen Angele","a1085"
"Susanne Neubert","a1086"
"Giuseppe Nardiello","a1087"
"Philippe Codognet","a1088"
"Jean-Louis Imbert","a1089"
"Francesca Rossi 0001","a1090"
"Ugo Montanari","a1091"
"Baudouin Le Charlier","a1092"
"Hélène Kirchner","a1093"
"Hubert Comon","a1094"
"Jean-Claude Franchitti","a1095"
"Roger King","a1096"
"Helmut Schnelle","a1097"
"Peter C. Lockemann","a1098"
"Kumar V. Vadaparty","a1099"
"Shamim A. Naqvi","a1100"
"Elisa Bertino","a1101"
"Pierangela Samarati","a1102"
"Sushil Jajodia","a1103"
"Raj Tewari","a1104"
"Larry J. Peterson","a1105"
"Phillip C.-Y. Sheu","a1106"
"Shashi K. Gadia","a1107"
"Vimal Chopra","a1108"
"Joel L. Wolf","a1109"
"John Turek","a1110"
"Ming-Syan Chen","a1111"
"Philip S. Yu","a1112"
"Thom W. Frühwirth","a1113"
"Amit P. Sheth","a1114"
"George Karabatis","a1115"
"Marek Rusinkiewicz","a1116"
"Ernest Mwebaze","a1117"
"John A. Quinn","a1118"
"Hyokun Yun","a1119"
"S. V. N. Vishwanathan","a1120"
"Aarti Singh","a1121"
"Alessandro Rinaldo","a1122"
"James Sharpnack","a1123"
"Christian Barillot","a1124"
"Daniel García-Lorenzo","a1125"
"Florence Forbes","a1126"
"Michel Dojat","a1127"
"Senan Doyle","a1128"
"Aaron C. Courville","a1129"
"James Bergstra","a1130"
"Yoshua Bengio","a1131"
"Andrew W. Moore 0001","a1132"
"Geoffrey J. Gordon","a1133"
"Sajid M. Siddiqi","a1134"
"Arnak S. Dalalyan","a1135"
"Olivier Collier","a1136"
"Abhradeep Thakurta","a1137"
"Prateek Jain 0002","a1138"
"Pravesh Kothari","a1139"
"Balaji Krishnapuram","a1140"
"R. Bharat Rao","a1141"
"Rómer Rosales","a1142"
"Shipeng Yu","a1143"
"Abdel-rahman Mohamed","a1144"
"Yichuan Tang","a1145"
"Brian Eriksson","a1146"
"Laura Balzano","a1147"
"Robert D. Nowak","a1148"
"Lehel Csató","a1149"
"Zalán Bodó","a1150"
"Zsolt Minier","a1151"
"Dor Kedem","a1152"
"Kilian Q. Weinberger","a1153"
"Minmin Chen","a1154"
"Olivier Chapelle","a1155"
"Zhixiang Eddie Xu","a1156"
"Amos J. Storkey","a1157"
"Felix V. Agakov","a1158"
"Peter Orchard","a1159"
"Naftali Tishby","a1160"
"Ohad Shamir","a1161"
"José M. Peña 0001","a1162"
"Marko Grobelnik","a1163"
"Mitja Trampus","a1164"
"Akihiro Koide","a1165"
"Hiroshi Motoda","a1166"
"Kazumi Saito","a1167"
"Kouzou Ohara","a1168"
"Masahiro Kimura","a1169"
"Diego García-Saiz","a1170"
"Marta E. Zorrilla","a1171"
"David A. Castañón","a1172"
"Kirill Trapeznikov","a1173"
"Venkatesh Saligrama","a1174"
"Kyung-Ah Sohn","a1175"
"Seyoung Kim","a1176"
"Ali Jalali","a1177"
"Pradeep Ravikumar","a1178"
"Sujay Sanghavi","a1179"
"Vishvas Vasuki","a1180"
"Mehreen Saeed","a1181"
"Bing Bai","a1182"
"Corinna Cortes","a1183"
"David Grangier","a1184"
"Jason Weston","a1185"
"Mehryar Mohri","a1186"
"Ronan Collobert","a1187"
"David J. C. MacKay","a1188"
"Iain Murray 0001","a1189"
"Ryan Prescott Adams","a1190"
"Adrian Johnston","a1191"
"Liam P. Maguire","a1192"
"Michael McCann","a1193"
"Yuhua Li 0001","a1194"
"Aurélien Garivier","a1195"
"Emilie Kaufmann","a1196"
"Olivier Cappé","a1197"
"Frank D. Wood","a1198"
"Makoto Yamada","a1199"
"Masashi Sugiyama","a1200"
"Liu Yang 0001","a1201"
"Steve Hanneke","a1202"
"Cun-Hui Zhang","a1203"
"Ping Li 0001","a1204"
"Christopher R. Dance","a1205"
"Onno Zoeter","a1206"
"Christopher D. Manning","a1207"
"Daniel A. McFarland","a1208"
"Ramesh Nallapati","a1209"
"Edoardo M. Airoldi","a1210"
"Hossein Azari Soufiani","a1211"
"Leo Zhu","a1212"
"Li Wan","a1213"
"Rob Fergus","a1214"
"Benjamin Taskar","a1215"
"David J. Weiss","a1216"
"Alexandru Niculescu-Mizil","a1217"
"Claudia Perlich","a1218"
"Dong Wang","a1219"
"Grzegorz Swirszcz","a1220"
"Jianying Hu","a1221"
"Jing Xiao","a1222"
"Moninder Singh","a1223"
"Prem Melville","a1224"
"Vikas Sindhwani","a1225"
"Wei Xiong Shang","a1226"
"Yan Liu 0002","a1227"
"Yanfeng Zhu 0001","a1228"
"Chen-Hung Wu","a1229"
"Chen-Tse Tsai","a1230"
"Cheng-Hao Tsai","a1231"
"Chia-Mau Ni","a1232"
"Chieh-Yen Lin","a1233"
"Chien-Chih Wang","a1234"
"Chih-Jen Lin","a1235"
"Chun-Liang Li","a1236"
"Chun-Sung Ferng","a1237"
"Chung-Yi Li","a1238"
"Hsuan-Tien Lin","a1239"
"Ku-Chun Chou","a1240"
"Kuan-Wei Wu","a1241"
"Po-Lung Chen","a1242"
"Po-Wei Wang","a1243"
"Rong-Bing Chiu","a1244"
"Shou-De Lin","a1245"
"Shu-Hao Yu","a1246"
"Todd G. McKenzie","a1247"
"Tsung-Ting Kuo","a1248"
"Wei-Lun Su","a1249"
"Wei-Shih Lin","a1250"
"Ya-Hsuan Chang","a1251"
"Yao-Nan Chen","a1252"
"Yu-Cheng Chou","a1253"
"Antoine Bordes","a1254"
"Léon Bottou","a1255"
"Nicolas Usunier","a1256"
"Elad Hazan","a1257"
"Satyen Kale","a1258"
"Akshat Kumar","a1259"
"Marc Toussaint","a1260"
"Shlomo Zilberstein","a1261"
"Gilles Stoltz","a1262"
"Shie Mannor","a1263"
"Vianney Perchet","a1264"
"Alexander Rakhlin","a1265"
"Ambuj Tewari","a1266"
"Karthik Sridharan","a1267"
"Dario García-García","a1268"
"Robert C. Williamson","a1269"
"Huan Liu","a1270"
"Iñaki Inza","a1271"
"Louis Wehenkel","a1272"
"Yvan Saeys","a1273"
"Yves Van de Peer","a1274"
"Gal Elidan","a1275"
"Jiang Wang 0001","a1276"
"Junsong Yuan","a1277"
"Ying Wu 0001","a1278"
"Zhuoyuan Chen","a1279"
"Arthur Gretton","a1280"
"Carlos Guestrin","a1281"
"Le Song","a1282"
"Daniel Eaton","a1283"
"Kevin P. Murphy","a1284"
"Baptiste Jeudy","a1285"
"Laurent Miclet","a1286"
"Nelly Barbot","a1287"
"Donglin Niu","a1288"
"Jennifer G. Dy","a1289"
"Michael I. Jordan","a1290"
"Geordie Rose","a1291"
"Hartmut Neven","a1292"
"Vasil S. Denchev","a1293"
"William G. Macready","a1294"
"Taiji Suzuki","a1295"
"Menno van Zaanen","a1296"
"Nanne van Noord","a1297"
"Alexander J. Smola","a1298"
"Alexandros Karatzoglou","a1299"
"Markus Weimer","a1300"
"David R. Hardoon","a1301"
"John Shawe-Taylor","a1302"
"Alexandre Lacoste","a1303"
"François Laviolette","a1304"
"Mario Marchand","a1305"
"Eyal Krupka","a1306"
"Duncan A. J. Blythe","a1307"
"Frank C. Meinecke","a1308"
"Franz J. Király","a1309"
"Jan Saputra Müller","a1310"
"Klaus-Robert Müller","a1311"
"Paul von Bünau","a1312"
"Wei Chu","a1313"
"Zoubin Ghahramani","a1314"
"Alona Fyshe","a1315"
"David B. Dunson","a1316"
"Emily B. Fox","a1317"
"Tom M. Mitchell","a1318"
"Botond Cseke","a1319"
"Tom Heskes","a1320"
"Doris Entner","a1321"
"Patrik O. Hoyer","a1322"
"Peter Spirtes","a1323"
"Albert Bifet","a1324"
"Bernhard Pfahringer","a1325"
"Geoff Holmes 0001","a1326"
"Indre Zliobaite","a1327"
"Alan Johnston","a1328"
"Benjamin X. Hall","a1329"
"Hal Daumé III","a1330"
"Julie Carreau","a1331"
"Amir Globerson","a1332"
"David A. Sontag","a1333"
"Marina Meila","a1334"
"Tommi S. Jaakkola","a1335"
"Marc'Aurelio Ranzato","a1336"
"Sumit Chopra","a1337"
"Y-Lan Boureau","a1338"
"Yann LeCun","a1339"
"Cosma Rohilla Shalizi","a1340"
"Daniel J. McDonald","a1341"
"Mark J. Schervish","a1342"
"Jean-Yves Audibert","a1343"
"Manfred Opper","a1344"
"Steffen Grünewälder","a1345"
"Kevin Robert Canini","a1346"
"Lei Shi 0009","a1347"
"Thomas L. Griffiths 0001","a1348"
"Daniel Povey","a1349"
"Oriol Vinyals","a1350"
"Yue Guan","a1351"
"Neil D. Lawrence","a1352"
"Dorota Glowacka","a1353"
"Antonio Javier Gallego Sánchez","a1354"
"Damián López","a1355"
"Jorge Calera-Rubio","a1356"
"Nathan Srebro","a1357"
"Xueyuan Zhou","a1358"
"Eric P. Xing","a1359"
"Qirong Ho","a1360"
"J. Xie","a1361"
"T. Xiong","a1362"
"Devorah Kletenik","a1363"
"Linda Sellie","a1364"
"Lisa Hellerstein","a1365"
"Rocco A. Servedio","a1366"
"Barnabás Póczos","a1367"
"Csaba Szepesvári","a1368"
"Sergey Kirshner","a1369"
"Rina Foygel","a1370"
"Dafna Shahaf","a1371"
"Shuicheng Yan","a1372"
"Xiaotong Yuan","a1373"
"Bernhard Schölkopf","a1374"
"Dominik Janzing","a1375"
"Isabelle Guyon","a1376"
"Shai Shalev-Shwartz","a1377"
"Yoram Singer","a1378"
"Dávid Pál","a1379"
"Gábor Bartók","a1380"
"Rina Dechter","a1381"
"Vibhav Gogate","a1382"
"Cheng Soon Ong","a1383"
"Joachim M. Buhmann","a1384"
"Patrick Pletscher","a1385"
"Giorgio Giacinto","a1386"
"Igino Corona","a1387"
"Arun Rajkumar","a1388"
"Shivani Agarwal 0001","a1389"
"Olgierd Unold","a1390"
"André Platzer","a1391"
"Erik Zawadzki","a1392"
"Peter A. Flach","a1393"
"Sebastian Spiegler","a1394"
"Simon Price","a1395"
"Hei Chan","a1396"
"Manabu Kuroki","a1397"
"Garry P. Nolan","a1398"
"Karen Sachs","a1399"
"Mesrob I. Ohannessian","a1400"
"Munther A. Dahleh","a1401"
"Sleiman Itani","a1402"
"Gerald Matz","a1403"
"Jeremy Jancsary","a1404"
"Mark Rudelson","a1405"
"Shuheng Zhou","a1406"
"Florian Steinke","a1407"
"Koji Tsuda","a1408"
"Matthias W. Seeger","a1409"
"Changhe Yuan","a1410"
"Marek J. Druzdzel","a1411"
"Bo Dai 0001","a1412"
"Gang Niu 0001","a1413"
"Lin Shang 0001","a1414"
"Jarvis D. Haupt","a1415"
"Rui M. Castro","a1416"
"Ulrike von Luxburg","a1417"
"Rahul Garg 0001","a1418"
"Rohit Khandekar","a1419"
"Fabio Aiolli","a1420"
"Sergey M. Plis","a1421"
"Stephen McCracken","a1422"
"Terran Lane","a1423"
"Vince D. Calhoun","a1424"
"Carl Edward Rasmussen","a1425"
"Marc Peter Deisenroth","a1426"
"Ryan D. Turner","a1427"
"Luis E. Ortiz","a1428"
"Robert E. Schapire","a1429"
"Sham M. Kakade","a1430"
"Guy Lever","a1431"
"D. Gnanaraj Thomas","a1432"
"J. D. Emerald","a1433"
"M. Humrosia Begam","a1434"
"M. Jayasrirani","a1435"
"Francis R. Bach","a1436"
"Guillaume Obozinski","a1437"
"Rodolphe Jenatton","a1438"
"Jinwoo Shin","a1439"
"Alexander Clark","a1440"
"Ryo Yoshinaka","a1441"
"Ahmed K. Farahat","a1442"
"Ali Ghodsi 0001","a1443"
"Mohamed S. Kamel","a1444"
"Kareem Amin 0002","a1445"
"Michael J. Kearns","a1446"
"Umar Syed","a1447"
"Ann B. Lee","a1448"
"Boaz Nadler","a1449"
"Harish Karnick","a1450"
"Purushottam Kar","a1451"
"Han Liu 0001","a1452"
"John D. Lafferty","a1453"
"Larry A. Wasserman","a1454"
"Pannagadatta K. Shivaswamy","a1455"
"Tony Jebara","a1456"
"Andriy Mnih","a1457"
"Geoffrey E. Hinton","a1458"
"Ilya Sutskever","a1459"
"James Cook","a1460"
"An C. Tran","a1461"
"Hans W. Guesgen","a1462"
"Jens Dietrich 0001","a1463"
"Stephen Marsland","a1464"
"Akimichi Takemura","a1465"
"Junya Honda","a1466"
"Hugo Larochelle","a1467"
"Jasper Snoek","a1468"
"Francesco Dinuzzo","a1469"
"Kenji Fukumizu","a1470"
"H. Brendan McMahan","a1471"
"Giorgio Valentini","a1472"
"Matteo Ré","a1473"
"Alexander R. Statnikov","a1474"
"Constantin F. Aliferis","a1475"
"Guillaume Desjardins","a1476"
"Olivier Delalleau","a1477"
"Pascal Vincent","a1478"
"Bo Thiesson","a1479"
"Jingu Kim","a1480"
"Chenlei Leng","a1481"
"Huan Xu","a1482"
"Odalric-Ambrym Maillard","a1483"
"Rémi Munos","a1484"
"Morten Mørup","a1485"
"Ryota Tomioka","a1486"
"Avneesh Singh Saluja","a1487"
"Ole J. Mengshoel","a1488"
"Priya Krishnan Sundararajan","a1489"
"Dilan Görür","a1490"
"Yee Whye Teh","a1491"
"Ivor W. Tsang","a1492"
"Shukai Li","a1493"
"Alessandro Verri","a1494"
"Lorenzo Rosasco","a1495"
"Matteo Santoro","a1496"
"Silvia Villa","a1497"
"Sofia Mosci","a1498"
"Arnaud Doucet","a1499"
"Jan Peters 0001","a1500"
"Matthew Hoffman 0002","a1501"
"Nando de Freitas","a1502"
"Peter Cerno","a1503"
"Yuhong Yang 0002","a1504"
"Alexander Paprotny","a1505"
"Jochen Garcke","a1506"
"David M. Blei","a1507"
"Jonathan D. Chang","a1508"
"Peter Sunehag","a1509"
"Eibe Frank","a1510"
"Geoffrey Holmes 0001","a1511"
"Amit Gruber","a1512"
"Michal Rosen-Zvi","a1513"
"Yair Weiss","a1514"
"Laurens van der Maaten","a1515"
"C.-H. Ho","a1516"
"C.-J. Lin","a1517"
"M.-H. Tsai","a1518"
"Byoung-Tak Zhang","a1519"
"Daniel D. Lee","a1520"
"Yung-Kyun Noh","a1521"
"Vladimir Vovk","a1522"
"Kedar Bellare","a1523"
"Paramveer S. Dhillon","a1524"
"S. Sathiya Keerthi","a1525"
"Sundararajan Sellamanickam","a1526"
"Benjamin Recht","a1527"
"Christopher Ré","a1528"
"Donghui Wang","a1529"
"Guang Dai","a1530"
"Zhihua Zhang","a1531"
"James Tin-Yau Kwok","a1532"
"Yu-Feng Li","a1533"
"Zhi-Hua Zhou","a1534"
"Charles Sutton","a1535"
"Andreas Argyriou","a1536"
"Bernardino Romera-Paredes","a1537"
"Massimiliano Pontil","a1538"
"Nadia Berthouze","a1539"
"Alard Roebroeck","a1540"
"Anil K. Seth","a1541"
"Pedro A. Valdés-Sosa","a1542"
"Constantin Comendant","a1543"
"Jan Ramon","a1544"
"Sue Ann Hong","a1545"
"Hoang Vu Nguyen","a1546"
"Vivekanand Gopalkrishnan","a1547"
"Mikio L. Braun","a1548"
"Nicole Krämer 0002","a1549"
"Alberto Giovanni Busetto","a1550"
"Aleksandrs Slivkins","a1551"
"Adam Woznica","a1552"
"Alexandros Kalousis","a1553"
"Huyen Do","a1554"
"Jun Wang 0017","a1555"
"Dit-Yan Yeung","a1556"
"Frederick H. Lochovsky","a1557"
"Gang Wang 0004","a1558"
"Jacob Steinhardt","a1559"
"Haesun Park","a1560"
"Alexandre Klementiev","a1561"
"Dan Roth","a1562"
"Ivan Titov","a1563"
"Kevin Small","a1564"
"Mathieu Sinn","a1565"
"Pascal Poupart","a1566"
"Jennifer Neville","a1567"
"Rongjing Xiang","a1568"
"Jun Sese","a1569"
"Takafumi Kanamori","a1570"
"Tie-Yan Liu","a1571"
"Yi Chang 0001","a1572"
"Wu-Jun Li","a1573"
"Dumitru Erhan","a1574"
"Balázs Kégl","a1575"
"Róbert Busa-Fekete","a1576"
"Bo Xie 0002","a1577"
"Dacheng Tao","a1578"
"Wei Bian","a1579"
"Subramani Mani","a1580"
"Antti Ajanki","a1581"
"Kai Puolamäki","a1582"
"Samuel Kaski","a1583"
"Amaury Habrard","a1584"
"Leonor Becerra-Bonache","a1585"
"Marc Sebban","a1586"
"Michaël Perrot","a1587"
"Élisa Fromont","a1588"
"Yang Zhang","a1589"
"Zhijian Ou","a1590"
"Sébastien Gerchinovitz","a1591"
"Bernard Zenko","a1592"
"Ivica Slavkov","a1593"
"Saso Dzeroski","a1594"
"George Karypis","a1595"
"Xia Ning","a1596"
"Avrim Blum","a1597"
"Maria-Florina Balcan","a1598"
"Shai Fine","a1599"
"Yishay Mansour","a1600"
"Béatrice Laurent","a1601"
"Magalie Fromont","a1602"
"Matthieu Lerasle","a1603"
"Patricia Reynaud-Bouret","a1604"
"Jeff G. Schneider","a1605"
"Cynthia Rudin","a1606"
"Ingrid Daubechies","a1607"
"Andrew G. Howard","a1608"
"Risi Kondor","a1609"
"Ioannis Tsamardinos","a1610"
"Laura E. Brown","a1611"
"Laëtitia Comminges","a1612"
"Tijmen Tieleman","a1613"
"Byron Boots","a1614"
"Dinh Q. Phung","a1615"
"Svetha Venkatesh","a1616"
"Truyen Tran 0001","a1617"
"Harri Valpola","a1618"
"Tapani Raiko","a1619"
"Ruth Urner","a1620"
"Shai Ben-David","a1621"
"A. Philip Dawid","a1622"
"Hui Guo","a1623"
"Dimitris Samaras","a1624"
"Guillermo A. Cecchi","a1625"
"Irina Rish","a1626"
"Jean Honorio","a1627"
"Joey Tianyi Zhou","a1628"
"Qi Mao","a1629"
"Sinno Jialin Pan","a1630"
"Hiroshi Mamitsuka","a1631"
"Timothy Hancock","a1632"
"Daniel J. Hsu","a1633"
"Tong Zhang 0001","a1634"
"Bert Huang","a1635"
"Yi Zhang 0010","a1636"
"John M. Winn","a1637"
"Guha Balakrishnan","a1638"
"Zeeshan Syed","a1639"
"Mikko Koivisto","a1640"
"Pekka Parviainen","a1641"
"Cristian Sminchisescu","a1642"
"Marius Leordeanu","a1643"
"Babak Ahmadi","a1644"
"Kristian Kersting","a1645"
"Martin Mladenov","a1646"
"Mikhail Jiline","a1647"
"Svetlana Kiritchenko","a1648"
"Vitaly Feldman","a1649"
"Andrew L. Maas","a1650"
"Richard Socher","a1651"
"Alexander G. Gray","a1652"
"Dongryeol Lee","a1653"
"James M. Rehg","a1654"
"Ping Wang 0012","a1655"
"György Szarvas","a1656"
"Tamás Éltetö","a1657"
"Daphne Koller","a1658"
"Suchi Saria","a1659"
"Vladimir Jojic","a1660"
"Joseph S. Kong","a1661"
"Justin Kessler","a1662"
"Kyle Teague","a1663"
"Joemon M. Jose","a1664"
"Vassilios Stathopoulos 0002","a1665"
"Carl Smith","a1666"
"Liam Paninski","a1667"
"Ricardo Bezerra de Andrade e Silva","a1668"
"Robert B. Gramacy","a1669"
"Avishek Saha","a1670"
"Piyush Rai","a1671"
"Suresh Venkatasubramanian","a1672"
"Damien Ernst","a1673"
"Raphael Fonteneau","a1674"
"Susan A. Murphy","a1675"
"Ali Taylan Cemgil","a1676"
"Bilge Günsel","a1677"
"Yener Ülker","a1678"
"Benjamin M. Marlin","a1679"
"Bo Chen","a1680"
"Kevin Swersky","a1681"
"Christopher Hart","a1682"
"Michael A. Osborne","a1683"
"Neale Gibson","a1684"
"Roman Garnett","a1685"
"Stephen J. Roberts","a1686"
"Suzanne Aigrain","a1687"
"Peter Grünwald","a1688"
"Ryohei Fujimaki","a1689"
"Satoshi Morinaga","a1690"
"Joachim Giesen","a1691"
"Martin Jaggi","a1692"
"Sören Laue","a1693"
"Babak Nadjar Araabi","a1694"
"Hadi Moradi","a1695"
"Hossein Hajimirsadeghi","a1696"
"Majid Nili Ahmadabadi","a1697"
"Mostafa Ajallooeian","a1698"
"Jeff M. Phillips","a1699"
"Amr Ahmed 0001","a1700"
"D. Mike Titterington","a1701"
"Gábor Lugosi","a1702"
"Sébastien Bubeck","a1703"
"Douglas Aberdeen","a1704"
"Olivier Buffet","a1705"
"Owen Thomas","a1706"
"Boleslaw K. Szymanski","a1707"
"Jierui Xie","a1708"
"Mohammed J. Zaki","a1709"
"Jouni Hartikainen","a1710"
"Simo Särkkä","a1711"
"Purnamrita Sarkar","a1712"
"Loizos Michael","a1713"
"David Vogel","a1714"
"Gideon Dror","a1715"
"Marc Boullé","a1716"
"Vincent Lemaire 0001","a1717"
"Mark A. Girolami","a1718"
"Sivan Sabato","a1719"
"Suicheng Gu","a1720"
"Yuhong Guo","a1721"
"Michalis K. Titsias","a1722"
"Si-Chi Chin","a1723"
"W. Nick Street","a1724"
"Cristina Tîrnauca","a1725"
"José L. Balcázar","a1726"
"Tom Diethe","a1727"
"Chris Lovell","a1728"
"Gareth L. Jones 0001","a1729"
"Klaus-Peter Zauner","a1730"
"Steve R. Gunn","a1731"
"Hua Mao","a1732"
"Manfred Jaeger","a1733"
"Fernando Pereira","a1734"
"Koby Crammer","a1735"
"Emmanuel Duflos","a1736"
"Hachem Kadri","a1737"
"Manuel Davy","a1738"
"Philippe Preux","a1739"
"Stéphane Canu","a1740"
"Teresa Luu","a1741"
"Tyler Lu","a1742"
"Changhu Wang","a1743"
"HongJiang Zhang","a1744"
"Lei Zhang 0001","a1745"
"Gersende Fort","a1746"
"Rémi Bardenet","a1747"
"José M. Carmona-Cejudo","a1748"
"João Gama 0001","a1749"
"Manuel Baena-García","a1750"
"Rafael Morales Bueno","a1751"
"Drew Bagnell","a1752"
"Stéphane Ross","a1753"
"Alekh Agarwal","a1754"
"John Langford 0001","a1755"
"Miroslav Dudík","a1756"
"Ramani Duraiswami","a1757"
"Vikas C. Raykar","a1758"
"Mark D. Reid","a1759"
"Tim van Erven","a1760"
"Levi Boyles","a1761"
"Max Welling","a1762"
"Guangcan Liu","a1763"
"Huan Xu 0001","a1764"
"Ralf Herbrich","a1765"
"Thore Graepel","a1766"
"Xinhua Zhang","a1767"
"Mohamed Amir Esseghir","a1768"
"Aurélie C. Lozano","a1769"
"Naoki Abe","a1770"
"Giovanni Maria Farinella","a1771"
"Giovanni Puglisi","a1772"
"Giuseppe Azzaro","a1773"
"Giuseppe Claudio Guarnera","a1774"
"Margherita Caccamo","a1775"
"Sebastiano Battiato","a1776"
"Dmitry Kropotov","a1777"
"Dmitry P. Vetrov","a1778"
"Lior Wolf","a1779"
"Tal Hassner","a1780"
"Harald Steck","a1781"
"Katharina Morik","a1782"
"Katrin Tomanek","a1783"
"Gilles Blanchard","a1784"
"Alessandro Rozza","a1785"
"Elena Casiraghi","a1786"
"Gabriele Lombardi","a1787"
"Marco Rosa","a1788"
"Alexander Ihler","a1789"
"David A. McAllester","a1790"
"Simon Rogers","a1791"
"Dean P. Foster","a1792"
"Alex Krizhevsky","a1793"
"Ferenc Huszar","a1794"
"Simon Lacoste-Julien","a1795"
"Bao-Gang Hu","a1796"
"Zhuoran Wang","a1797"
"Andy Way","a1798"
"Tsuyoshi Okita 0002","a1799"
"Yvette Graham","a1800"
"Marion Neumann","a1801"
"Martin Schiegg","a1802"
"Thorsten Joachims","a1803"
"Edward Lloyd Snelson","a1804"
"Jiawei Han 0001","a1805"
"Marina Danilevsky","a1806"
"Quanquan Gu","a1807"
"Zhenhui Li","a1808"
"Raymond S. Smith","a1809"
"Terry Windeatt","a1810"
"Nakul Verma","a1811"
"Alan Fern","a1812"
"Jervis Pinto","a1813"
"Martin Erwig","a1814"
"Tim Bauer","a1815"
"Aaron Archer","a1816"
"Angus MacLellan","a1817"
"Carlos Eduardo Scheidegger","a1818"
"David L. Applegate","a1819"
"Guangqin Ma","a1820"
"Rensheng Wang","a1821"
"S. Tom Au","a1822"
"Shankar Krishnan","a1823"
"Suhrid Balakrishnan","a1824"
"Yifan Hu 0001","a1825"
"Dale Schuurmans","a1826"
"Martha White","a1827"
"Grégoire Montavon","a1828"
"Gavin C. Cawley","a1829"
"Aapo Hyvärinen","a1830"
"Kun Zhang 0001","a1831"
"Blaz Fortuna","a1832"
"Jan Rupnik","a1833"
"Lorand Dali","a1834"
"Robert E. Tillman","a1835"
"Adam Craig Pocock","a1836"
"Gavin Brown 0001","a1837"
"Mikel Luján","a1838"
"Chris Bracegirdle","a1839"
"David Barber","a1840"
"Andrew Guillory","a1841"
"Erick Chastain","a1842"
"Jeff A. Bilmes","a1843"
"Andreas P. Streich","a1844"
"Mario Frank 0001","a1845"
"Morteza Haghir Chehreghani","a1846"
"Satyaki Mahalanabis","a1847"
"Burr Settles","a1848"
"Ioannis G. Tollis","a1849"
"Sofia Triantafilou","a1850"
"Battista Biggio","a1851"
"Blaine Nelson","a1852"
"Pavel Laskov","a1853"
"Wojciech Kotlowski","a1854"
"Hayaru Shouno","a1855"
"Hiroaki Sasaki","a1856"
"Michael Gutmann","a1857"
"Ajit P. Singh","a1858"
"Miroslava Sotáková","a1859"
"Alexander Lorbert","a1860"
"David J. Eis","a1861"
"Peter J. Ramadge","a1862"
"Victoria Kostina","a1863"
"Charles Lee","a1864"
"Jinbo Xu","a1865"
"Ryan Mills","a1866"
"Xiaohui Chen","a1867"
"Xing Xu","a1868"
"Xinghua Shi","a1869"
"Zhiyong Wang 0005","a1870"
"Michael Eichler","a1871"
"Petri Myllymäki","a1872"
"Teemu Roos","a1873"
"Tomi Silander","a1874"
"Arthur U. Asuncion","a1875"
"Padhraic Smyth","a1876"
"Qiang Liu 0001","a1877"
"Evangelos A. Theodorou","a1878"
"Jonas Buchli","a1879"
"Stefan Schaal","a1880"
"Eugene Weinstein","a1881"
"Pedro J. Moreno 0001","a1882"
"J. Andrew Bagnell","a1883"
"Martin Zinkevich","a1884"
"Nathan D. Ratliff","a1885"
"Jianjun Xie","a1886"
"Siddharth Pal","a1887"
"Stephen Coggeshall","a1888"
"Viktoria Rojkova","a1889"
"Changzhang Wang","a1890"
"Cheng Zheng","a1891"
"Jianxin Yin","a1892"
"Ping He","a1893"
"You Zhou 0001","a1894"
"Zhi Geng","a1895"
"Lawrence K. Saul","a1896"
"István Szita","a1897"
"Avleen Singh Bijral","a1898"
"Gregory Z. Grudic","a1899"
"Markus Breitenbach","a1900"
"Steven de Rooij","a1901"
"Guanyu Zhou","a1902"
"Honglak Lee","a1903"
"Kihyuk Sohn","a1904"
"Masakazu Ishihata","a1905"
"Shin-ichi Minato","a1906"
"Taisuke Sato","a1907"
"Yoshitaka Kameya","a1908"
"Geoffrey J. McLachlan","a1909"
"Vladimir Nikulin","a1910"
"Yu Xin","a1911"
"Hiroki Nakayama","a1912"
"Kohei Hatano","a1913"
"Michinari Momma","a1914"
"Alon Orlitsky","a1915"
"Ananda Theertha Suresh","a1916"
"Ashkan Jafarpour","a1917"
"Hirakendu Das","a1918"
"Jayadev Acharya","a1919"
"Shengjun Pan","a1920"
"Amit Daniely","a1921"
"Antti Airola","a1922"
"Bernard De Baets","a1923"
"Tapio Pahikkala","a1924"
"Tapio Salakoski","a1925"
"Willem Waegeman","a1926"
"Yufeng Liu","a1927"
"Andreas Janecek","a1928"
"Gerhard F. Ecker","a1929"
"Michael Demel","a1930"
"Wilfried N. Gansterer","a1931"
"Steven C. H. Hoi","a1932"
"Wray L. Buntine","a1933"
"Esther Ezra","a1934"
"Nir Ailon","a1935"
"Ron Begleiter","a1936"
"Pei-Pei Li 0001","a1937"
"Xindong Wu 0001","a1938"
"Xuegang Hu","a1939"
"Roi Livni","a1940"
"Lucian Busoniu","a1941"
"Clayton Scott","a1942"
"Gyemin Lee","a1943"
"Lloyd Stoolman","a1944"
"Feng Liang","a1945"
"Kai Mao","a1946"
"Sayan Mukherjee 0001","a1947"
"Ankan Saha","a1948"
"Fei Sha","a1949"
"Meihong Wang","a1950"
"Eran Tromer","a1951"
"Ansaf Salleb-Aouissi","a1952"
"Nicolò Cesa-Bianchi","a1953"
"Frank P. Ferrie","a1954"
"Karim T. Abou-Moustafa","a1955"
"Lihong Li 0001","a1956"
"Taesup Moon","a1957"
"Xuanhui Wang","a1958"
"Chun-Nam Yu","a1959"
"Guillaume Stempfel","a1960"
"Liva Ralaivola","a1961"
"Marie Szafranski","a1962"
"Andrew Lonie","a1963"
"David Lazaridis","a1964"
"Hugh Miller","a1965"
"Owen Jones","a1966"
"Sandy Clarke","a1967"
"Slavé Petrovski","a1968"
"Stephen Lane","a1969"
"Christopher C. Johnson","a1970"
"Huijun He","a1971"
"Mingmin Chi","a1972"
"Akihiro Yamamoto","a1973"
"Keisuke Otaki","a1974"
"Daria Sorokina","a1975"
"Daniel Polani","a1976"
"Tobias Jung 0001","a1977"
"Slobodan Vucetic","a1978"
"Zhuang Wang","a1979"
"Nello Cristianini","a1980"
"Hongtao Lu","a1981"
"Jingyuan Lv","a1982"
"Xianzhong Long","a1983"
"Christoph Freudenthaler","a1984"
"Lars Schmidt-Thieme","a1985"
"Lucas Drumond","a1986"
"Zeno Gantner","a1987"
"Andreas Ruttor","a1988"
"Florian Stimberg","a1989"
"Alan S. Willsky","a1990"
"Jason L. Williams","a1991"
"John W. Fisher III","a1992"
"Firas Hamze","a1993"
"Nimalan Mahendran","a1994"
"Ziyu Wang 0001","a1995"
"Linda H. Zhao","a1996"
"Francesco Bartolucci","a1997"
"Nial Friel","a1998"
"Silvia Pandolfi","a1999"
"Thierry Artières","a2000"
"Trinh Minh Tri Do","a2001"
"Andreas Köhler","a2002"
"Carsten Riggelsen","a2003"
"Frank Scherbaum","a2004"
"Matthias Ohrnberger","a2005"
"Han Xiao 0002","a2006"
"Thomas Stibor","a2007"
"Christian Bauckhage","a2008"
"Christian Thurau","a2009"
"Mirwaes Wahabzada","a2010"
"David Duvenaud","a2011"
"Mark Schmidt 0001","a2012"
"Ofer Dekel","a2013"
"David Luengo","a2014"
"Mauricio A. Álvarez","a2015"
"Miguel Á. Carreira-Perpiñán","a2016"
"Zhengdong Lu","a2017"
"Joseph Naor","a2018"
"Niv Buchbinder","a2019"
"Shahar Chen","a2020"
"Ali Rahimi","a2021"
"Branislav Kveton","a2022"
"Ling Huang","a2023"
"Michal Valko","a2024"
"Marcus A. Brubaker","a2025"
"Mathieu Salzmann","a2026"
"Raquel Urtasun","a2027"
"Colin de la Higuera","a2028"
"Rémi Eyraud","a2029"
"Sicco Verwer","a2030"
"Jonathan Huang","a2031"
"Leonidas J. Guibas","a2032"
"Xiaoye Jiang","a2033"
"Ming Yuan","a2034"
"Jacob D. Abernethy","a2035"
"Rafael M. Frongillo","a2036"
"Matthieu Geist","a2037"
"Olivier Pietquin","a2038"
"Daniel Tarlow","a2039"
"Richard S. Zemel","a2040"
"Bharat Rao","a2041"
"Faisal Farooq","a2042"
"Glenn Fung","a2043"
"Yan Yan 0024","a2044"
"Guy Lebanon","a2045"
"Krishnakumar Balasubramanian 0002","a2046"
"Pinar Donmez","a2047"
"Jason K. Johnson","a2048"
"Venkat Chandrasekaran","a2049"
"Han Liu","a2050"
"Yuan Yao 0011","a2051"
"Mohammad Emtiyaz Khan","a2052"
"Shakir Mohamed","a2053"
"Tai Sing Lee","a2054"
"Thomas S. Stepleton","a2055"
"Ruslan Salakhutdinov","a2056"
"András Falus","a2057"
"Csaba Szalai","a2058"
"Gábor Hullám","a2059"
"Peter Antal","a2060"
"Mladen Kolar","a2061"
"Alexander N. Dolia","a2062"
"Jim C. Huang","a2063"
"Nebojsa Jojic","a2064"
"David J. Kriegman","a2065"
"Gert R. G. Lanckriet","a2066"
"Josh Wills","a2067"
"Lawrence Cayton","a2068"
"Sameer Agarwal 0001","a2069"
"Serge J. Belongie","a2070"
"Boaz Lerner","a2071"
"Nuaman Asbeh","a2072"
"Hema A. Murthy","a2073"
"Sanasam Ranbir Singh","a2074"
"Timothy A. Gonsalves","a2075"
"Adrienn Szabó","a2076"
"Dávid Siklósi","a2077"
"István Bíró","a2078"
"Miklós Kurucz","a2079"
"Péter Csizsek","a2080"
"Róbert Iwatt","a2081"
"Tamás Kiss","a2082"
"Zsolt Fekete","a2083"
"Guillermo Sapiro","a2084"
"Hongxia Yang","a2085"
"Lawrence Carin","a2086"
"Mingyuan Zhou","a2087"
"Fuxin Li","a2088"
"Dominik Seuß","a2089"
"Michael Siebers","a2090"
"Miriam Kunz","a2091"
"Stefan Lautenbacher","a2092"
"Ute Schmid","a2093"
"Lizhong Ding 0001","a2094"
"Shizhong Liao","a2095"
"Eunho Yang","a2096"
"Manfred K. Warmuth","a2097"
"Anoop Korattikara Balan","a2098"
"Changshui Zhang","a2099"
"Fei Wang 0001","a2100"
"Ole Winther","a2101"
"Shijun Wang","a2102"
"Daniel Lee","a2103"
"Ricky Der","a2104"
"Yutian Chen","a2105"
"Adityanand Guntuboyina","a2106"
"Bodhisattva Sen","a2107"
"Abdeslam Boularias","a2108"
"Jens Kober","a2109"
"Yuxi Li","a2110"
"Ravi Ganti","a2111"
"David S. Rosenberg","a2112"
"Peter L. Bartlett","a2113"
"Michael Fink 0002","a2114"
"Florin Constantin","a2115"
"Lei Wang","a2116"
"Satoru Iwata 0001","a2117"
"Duy Nguyen-Tuong","a2118"
"Noam Koenigstein","a2119"
"Yehuda Koren","a2120"
"Antonio Torralba 0001","a2121"
"Joshua B. Tenenbaum","a2122"
"Jian Peng 0001","a2123"
"Tamir Hazan","a2124"
"Balaji Lakshminarayanan","a2125"
"Cédric Archambeau","a2126"
"Guillaume Bouchard","a2127"
"Michael Siracusa","a2128"
"Guoqing Liu","a2129"
"Jianxin Wu 0001","a2130"
"Hung-Yi Lo","a2131"
"Tsung-Hsien Chiang","a2132"
"Weiran Wang","a2133"
"Junhui Wang","a2134"
"Bharath K. Sriperumbudur","a2135"
"Alessandro Lazaric","a2136"
"Mohammad Ghavamzadeh","a2137"
"Yonatan Amit","a2138"
"Jean Morales","a2139"
"Luca Baldassarre","a2140"
"Alexander Böhm 0003","a2141"
"Karin J. Metzner","a2142"
"Sandhya Prabhakaran","a2143"
"Volker Roth 0001","a2144"
"Brendan J. Frey","a2145"
"Inmar E. Givoni","a2146"
"Jérémie Mary","a2147"
"Olivier Nicol","a2148"
"Christophe Salperwyck","a2149"
"Tanguy Urvoy","a2150"
"Dahua Lin","a2151"
"Choon Hui Teo","a2152"
"Jacob Eisenstein","a2153"
"Yasin Abbasi-Yadkori","a2154"
"Vladimir Gorodetsky","a2155"
"Vladimir Samoilov","a2156"
"Finale Doshi","a2157"
"Jurgen Van Gael","a2158"
"Kurt Miller","a2159"
"Andreas Stuhlmüller","a2160"
"David Wingate","a2161"
"Noah D. Goodman","a2162"
"Andrey Gulin","a2163"
"Dmitry Pavlov","a2164"
"Igor Kuralenok","a2165"
"Daniel Jurafsky","a2166"
"Hiyan Alshawi","a2167"
"Valentin I. Spitkovsky","a2168"
"Lyle H. Ungar","a2169"
"Sanjay Chawla","a2170"
"Chao-Kai Chiang","a2171"
"Chi-Jen Lu","a2172"
"Chia-Jung Lee","a2173"
"Mehrdad Mahdavi","a2174"
"Rong Jin 0001","a2175"
"Shenghuo Zhu","a2176"
"Tianbao Yang","a2177"
"Daniel M. Roy 0001","a2178"
"Ryan Rifkin","a2179"
"Vikash K. Mansinghka","a2180"
"David Buchman","a2181"
"David Poole 0001","a2182"
"Michael H. Bowling","a2183"
"Michael Johanson","a2184"
"Liefeng Bo","a2185"
"Matt Taddy","a2186"
"James R. Foulds","a2187"
"Nicholas Navaroli","a2188"
"Nizar Bouguila","a2189"
"Wentao Fan","a2190"
"Judea Pearl","a2191"
"Jerry Jenkins","a2192"
"Akiko Takeda","a2193"
"Ayse Erkan","a2194"
"Yasemin Altun","a2195"
"Moritz Grosse-Wentrup","a2196"
"Morteza Alamgir","a2197"
"Dan Stowell","a2198"
"Mark D. Plumbley","a2199"
"Dunja Mladenic","a2200"
"Tadej Stajner","a2201"
"James Martens","a2202"
"Justin Thaler","a2203"
"Li-Yang Tan","a2204"
"Roberto Franzosi","a2205"
"Saatviga Sudhahar","a2206"
"Kim Steenstrup Pedersen","a2207"
"Marco Loog","a2208"
"Pieter van Dorst","a2209"
"Andreas Töscher","a2210"
"Michael Jahrer","a2211"
"Katherine A. Heller","a2212"
"Daan Fierens","a2213"
"Hendrik Blockeel","a2214"
"Jesse Davis","a2215"
"Nima Taghipour","a2216"
"Michael L. Littman","a2217"
"Sanjoy Dasgupta","a2218"
"A. Robert Calderbank","a2219"
"Arto Klami","a2220"
"Seppo Virtanen","a2221"
"Suleiman A. Khan","a2222"
"Pushmeet Kohli","a2223"
"Joris M. Mooij","a2224"
"David P. Helmbold","a2225"
"Philip M. Long","a2226"
"Dhruv Batra","a2227"
"Sebastian Nowozin","a2228"
"Min Sun 0001","a2229"
"Murali Telaprolu","a2230"
"Silvio Savarese","a2231"
"Janardhan Rao Doppa","a2232"
"Jed Irvine","a2233"
"John Walker Orr","a2234"
"Mohammad NasrEsfahani","a2235"
"Prasad Tadepalli","a2236"
"Shahed Sorower","a2237"
"Thomas G. Dietterich","a2238"
"Xiaoli Z. Fern","a2239"
"Chun-Nan Hsu","a2240"
"Wee Sun Lee","a2241"
"Raphaël Féraud","a2242"
"Jeremy Lewi","a2243"
"Robert J. Butera","a2244"
"Jue Wang","a2245"
"Yu-Hong Dai","a2246"
"Yun-Shan Fu","a2247"
"Tianbing Xu","a2248"
"Hamed Valizadegan","a2249"
"Duy Khuong Nguyen","a2250"
"Khoat Than","a2251"
"Pham Ngoc Khanh","a2252"
"Tu Bao Ho","a2253"
"Jianbo Shi","a2254"
"Timothée Cour","a2255"
"Eric Jonas","a2256"
"Vikash Mansinghka 0001","a2257"
"Seungjin Choi","a2258"
"Sunho Park","a2259"
"Jane de Winter","a2260"
"John Smith Jones","a2261"
"Élouise Smith","a2262"
"Jun Li 0010","a2263"
"Mans Hulden","a2264"
"Mahito Sugiyama","a2265"
"Fares Hedayati","a2266"
"André Elisseeff","a2267"
"Gregory F. Cooper","a2268"
"Jean-Philippe Pellet","a2269"
"Borja Balle","a2270"
"Jorge Castro","a2271"
"Ricard Gavaldà","a2272"
"Thomas Furmston","a2273"
"Romain Thibaux","a2274"
"Jinfeng Zhuang","a2275"
"Nathan Nan Liu","a2276"
"Qiang Yang 0001","a2277"
"Tianqi Chen","a2278"
"Yong Yu 0001","a2279"
"Zhao Zheng","a2280"
"Jian Zhang 0003","a2281"
"Jaakko Peltonen","a2282"
"Andreas Ziehe","a2283"
"Florin Popescu","a2284"
"Guido Nolte","a2285"
"Masamichi Shimosaka","a2286"
"Rui Fukui","a2287"
"Ryoma Kawajiri","a2288"
"Tomomasa Sato","a2289"
"Bert Kappen","a2290"
"Mohammad Gheshlaghi Azar","a2291"
"Vicenç Gómez","a2292"
"Jaime G. Carbonell","a2293"
"Xi Chen 0010","a2294"
"Chunquan Liang","a2295"
"Qun Song 0003","a2296"
"Yang Zhang 0010","a2297"
"Gilles Louppe","a2298"
"Pierre Geurts","a2299"
"András György 0001","a2300"
"Péter Torma","a2301"
"Tuo Zhao","a2302"
"Fernando De la Torre","a2303"
"Minh Hoai Nguyen","a2304"
"Xavier Glorot","a2305"
"Sébastien Guérif","a2306"
"Daisuke Okanohara","a2307"
"Hirotaka Hachiya","a2308"
"Ichiro Takeuchi","a2309"
"Kilho Shin","a2310"
"Anna Choromanska","a2311"
"Claire Monteleoni","a2312"
"Ales Erjavec","a2313"
"Blaz Zupan","a2314"
"Crtomir Gorup","a2315"
"Lan Umek","a2316"
"Mojca Mattiazzi","a2317"
"Petra Kaferle","a2318"
"Tomaz Curk","a2319"
"Uros Petrovic","a2320"
"Manqi Zhao","a2321"
"Danny Bickson","a2322"
"Yucheng Low","a2323"
"Alex Po Leung","a2324"
"Jorma Laaksonen","a2325"
"Jussi Kujala","a2326"
"Kitsuchart Pasupa","a2327"
"Peter Auer","a2328"
"Zakria Hussain","a2329"
"Gautam Dasarathy","a2330"
"Hisashi Kashima","a2331"
"Kohei Hayashi","a2332"
"Takashi Takenouchi","a2333"
"Doina Precup","a2334"
"Yuri Grinberg","a2335"
"Brian Kulis","a2336"
"Inderjit S. Dhillon","a2337"
"Suvrit Sra","a2338"
"Dazhuo Li","a2339"
"Patrick Shafto","a2340"
"Mingrui Wu","a2341"
"Jeffrey Heinz","a2342"
"Tim Oates 0001","a2343"
"Wei Gao 0008","a2344"
"Louis Dorard","a2345"
"Matthias Hein 0001","a2346"
"Syama Sundar Rangapuram","a2347"
"Ilias N. Flaounas","a2348"
"Justin Lewis","a2349"
"Nick Mosdell","a2350"
"Omar Ali","a2351"
"Tijl De Bie","a2352"
"Joseph K. Bradley","a2353"
"Caoxie Zhang","a2354"
"Kang G. Shin","a2355"
"David Lisuk","a2356"
"Liang Tian","a2357"
"Matthias Blume","a2358"
"Scott Leishman","a2359"
"Seongjoon Koo","a2360"
"Karthik Sindharan","a2361"
"Deepak Agarwal","a2362"
"Tristan Fletcher","a2363"
"Alfred M. Bruckstein","a2364"
"Daniel Vainsencher","a2365"
"Alexandra Carpentier","a2366"
"Peter Orbanz","a2367"
"Sinead Williamson","a2368"
"Hannes Nickisch","a2369"
"Andrew J. Connolly","a2370"
"Jake VanderPlas","a2371"
"Liang Xiong","a2372"
"Sam T. Roweis","a2373"
"Michael Habeck","a2374"
"Adam D. Smith","a2375"
"Daniel Kifer","a2376"
"Dakan Wang","a2377"
"Edward Y. Chang","a2378"
"Gerardo Hermosillo Valadez","a2379"
"Linda Moy","a2380"
"Luca Bogoni","a2381"
"Joseph Gonzalez 0001","a2382"
"Gergely Neu","a2383"
"Claudia Eckert 0001","a2384"
"Hasan Ibne Akram","a2385"
"Jérôme Malick","a2386"
"Zaïd Harchaoui","a2387"
"Frederick Eberhardt","a2388"
"Richard Scheines","a2389"
"Hongyuan Zha","a2390"
"Shuang-Hong Yang","a2391"
"Steven P. Crain","a2392"
"Chihiro Shibata","a2393"
"Shiau Hong Lim","a2394"
"Milos Hauskrecht","a2395"
"Saeed Amizadeh","a2396"
"Karsten M. Borgwardt","a2397"
"Kurt Mehlhorn","a2398"
"Nino Shervashidze","a2399"
"Tobias Petri","a2400"
"Anton Chechetka","a2401"
"Frank Konietschke","a2402"
"Jonathan D. Rosenblatt","a2403"
"Kornelius Rohmeyer","a2404"
"Marsel Scheer","a2405"
"Niklas Hack","a2406"
"Thorsten Dickhaus","a2407"
"Wiebke Werft","a2408"
"Dirk Husmeier","a2409"
"Marco Grzegorczyk","a2410"
"Jun Morimoto","a2411"
"Takamitsu Matsubara","a2412"
"Tetsuro Morimura","a2413"
"Martin Pal","a2414"
"Aki Vehtari","a2415"
"Jarno Vanhatalo","a2416"
"Jiji Zhang","a2417"
"Fabio Corradi","a2418"
"Yu Zhang 0006","a2419"
"Ingo Steinwart","a2420"
"Andreas Wendemuth","a2421"
"Edin Andelic","a2422"
"Marcel Katz","a2423"
"Martin Schafföner","a2424"
"Sven E. Krüger","a2425"
"Matthew J. Streeter","a2426"
"Kevin Sharp","a2427"
"Magnus Rattray","a2428"
"Margareta Ackerman","a2429"
"Christopher K. I. Williams","a2430"
"Jyri J. Kivinen","a2431"
"J. Zico Kolter","a2432"
"Ameet Talwalkar","a2433"
"Huan Liu 0001","a2434"
"Zheng Zhao 0002","a2435"
"Chao Zhang 0017","a2436"
"Benjamin Packer","a2437"
"Danny Goodman","a2438"
"Kevin Miller","a2439"
"M. Pawan Kumar","a2440"
"Varun Kanade","a2441"
"Fabian Kaelin","a2442"
"Christopher DuBois","a2443"
"András Millinghoffer","a2444"
"Stefan Haufe","a2445"
"Hanna M. Wallach","a2446"
"Philippe Rigollet","a2447"
"Xin Tong","a2448"
"Paul Kidwell","a2449"
"Ryan Hafen","a2450"
"Saptarshi Guha","a2451"
"William S. Cleveland","a2452"
"Adrien Couëtoux","a2453"
"Hassen Doghmen","a2454"
"Mario Milone","a2455"
"Michèle Sebag","a2456"
"Mátyás Brendel","a2457"
"Olivier Teytaud","a2458"
"Decheng Dai","a2459"
"Jing He","a2460"
"Peter V. Gehler","a2461"
"Ben Recht","a2462"
"Nikhil Rao 0001","a2463"
"Claudio Gentile","a2464"
"Fabio Vitale","a2465"
"Giovanni Zappella","a2466"
"Hao Yang 0033","a2467"
"Ayan Acharya","a2468"
"Eduardo R. Hruschka","a2469"
"Joydeep Ghosh","a2470"
"Sreangsu Acharyya","a2471"
"Rengül Çetin-Atalay","a2472"
"Volkan Atalay","a2473"
"Zerrin Isik","a2474"
"John C. Duchi","a2475"
"Vincent Conitzer","a2476"
"Chia-Hsuan Wang","a2477"
"Cho-Jui Hsieh","a2478"
"Hsiang-Fu Yu","a2479"
"Hung-Che Lai","a2480"
"Kai-Wei Chang","a2481"
"Ken-Yi Lin","a2482"
"Shang-Tse Chen","a2483"
"Yi-Kuang Ko","a2484"
"Abhishek Jaiantilal","a2485"
"Christian Daniel","a2486"
"Gerhard Neumann","a2487"
"Cameron E. Freer","a2488"
"Ji Won Yoon","a2489"
"K. Hun Mok","a2490"
"Simon P. Wilson 0001","a2491"
"Andrea Vattani","a2492"
"Matus Telgarsky","a2493"
"Daniel Stöckel","a2494"
"Francesca Incardona","a2495"
"Jasmina Bogojeska","a2496"
"Maurizio Zazzi","a2497"
"Rolf Kaiser","a2498"
"Thomas Lengauer","a2499"
"Jörg Lücke","a2500"
"Marc Henniges","a2501"
"Fabian Moerchen","a2502"
"Kai Zhang 0001","a2503"
"Liang Lan","a2504"
"Jimmy Olsson","a2505"
"Jonas Ströjby","a2506"
"Hirokazu Kameyama","a2507"
"Jun'ichi Takeuchi","a2508"
"Masanori Kawakita","a2509"
"Ryota Izumi","a2510"
"Tetsuya Takamori","a2511"
"Yi Hu","a2512"
"Hang Li","a2513"
"Huxiang Gu","a2514"
"Jun Zhao 0001","a2515"
"Kang Liu 0001","a2516"
"Liang Xiang","a2517"
"Liheng Xu","a2518"
"Rui Diao","a2519"
"Shiming Xiang","a2520"
"Siwei Lai","a2521"
"Yang Liu 0021","a2522"
"Jin Yu","a2523"
"Nicol N. Schraudolph","a2524"
"Simon Günter","a2525"
"John Blitzer","a2526"
"Ming Ji","a2527"
"Ben Taskar","a2528"
"Yuanqing Lin","a2529"
"Lauren Hannah","a2530"
"Nic Schraudolph","a2531"
"Hardy Kremer","a2532"
"Philipp Kranen","a2533"
"Thomas Seidl 0001","a2534"
"Timm Jansen","a2535"
"Elias Bareinboim","a2536"
"Hans Ulrich Simon","a2537"
"Michael Kallweit","a2538"
"Julian J. McAuley","a2539"
"Tibério S. Caetano","a2540"
"Gregory Druck","a2541"
"Mukund Narasimhan","a2542"
"Paul A. Viola","a2543"
"Anthony D. Joseph","a2544"
"Anthony Tran","a2545"
"Benjamin I. P. Rubinstein","a2546"
"J. Doug Tygar","a2547"
"Satish Rao","a2548"
"Shing-hon Lau","a2549"
"Steven J. Lee","a2550"
"Jun Takagi","a2551"
"Arvind Agarwal","a2552"
"Janneke van de Loo","a2553"
"Pierre-Antoine Manzagol","a2554"
"Samy Bengio","a2555"
"S. Derin Babacan","a2556"
"Shinichi Nakajima","a2557"
"Blaise Hanczar","a2558"
"Jean-Daniel Zucker","a2559"
"Malik Sajjad Ahmed Nadeem","a2560"
"Haidong Shi","a2561"
"Gregor Leban","a2562"
"Janez Demsar","a2563"
"Marko Toplak","a2564"
"Minca Mramor","a2565"
"Andrzej Pastusiak","a2566"
"Christopher J. C. Burges","a2567"
"Krysta M. Svore","a2568"
"Paul N. Bennett","a2569"
"Qiang Wu","a2570"
"Edward Challis","a2571"
"Jonas Peters","a2572"
"Vân Anh Huynh-Thu","a2573"
"Mingjun Zhong","a2574"
"Henri Maître","a2575"
"Ivan O. Kyrgyzov","a2576"
"Marine Campedel","a2577"
"Jochen Trumpf","a2578"
"Marius Kloft","a2579"
"Alina Beygelzimer","a2580"
"Lev Reyzin","a2581"
"Tianyi Zhou 0001","a2582"
"Min Yang","a2583"
"Daniel L. Silver","a2584"
"Graham W. Taylor","a2585"
"Jason Eisner","a2586"
"Yevgeny Seldin","a2587"
"Tarek Abudawood","a2588"
"Halbert White","a2589"
"Karim Chalak","a2590"
"Xun Lu","a2591"
"David H. Stern","a2592"
"Philipp Hennig","a2593"
"Sotirios P. Chatzis","a2594"
"Homin K. Lee","a2595"
"Fides Aarts","a2596"
"Harco Kuppens","a2597"
"Jan Tretmans","a2598"
"Carl Henrik Ek","a2599"
"Trevor Darrell","a2600"
"Juho Rousu","a2601"
"Artin Armagan","a2602"
"Hyun-Chul Kim","a2603"
"François Coste","a2604"
"Gaëlle Garet","a2605"
"Jacques Nicolas","a2606"
"Christophe Costa Florêncio","a2607"
"Sanjiv Kumar","a2608"
"Arun C. Surendran","a2609"
"John C. Platt","a2610"
"Takeaki Uno","a2611"
"Yasuo Tabei","a2612"
"Andrew McGregor 0001","a2613"
"Sudipto Guha","a2614"
"Hyekyoung Lee","a2615"
"Shahriar Shariat","a2616"
"Vladimir Pavlovic 0001","a2617"
"Jing Lei 0003","a2618"
"Vincent Q. Vu","a2619"
"Jaakko Hollmén","a2620"
"Prem Raj Adhikari","a2621"
"David A. Ross","a2622"
"Manfred Georg","a2623"
"Omid Madani","a2624"
"Eftychios A. Pnevmatikakis","a2625"
"Andrew B. Goldberg","a2626"
"Stephen J. Wright 0001","a2627"
"Xiaojin Zhu 0001","a2628"
"Blake Shaw","a2629"
"Ewout van den Berg","a2630"
"Michael P. Friedlander","a2631"
"John P. Cunningham","a2632"
"Jieping Ye","a2633"
"Tao Xiong","a2634"
"Hannes P. Saal","a2635"
"Jo-Anne Ting","a2636"
"Sethu Vijayakumar","a2637"
"Genevera I. Allen","a2638"
"Andreas Krause 0001","a2639"
"Peter Stobbe","a2640"
"Rudy Setiono","a2641"
"Aleksey Polovinkin","a2642"
"Victor Eruhimov","a2643"
"Vladimir Martyanov","a2644"
"Yoav Haimovitch","a2645"
"Galen Andrew","a2646"
"Catherine Oriat","a2647"
"Muhammad-Naeem Irfan","a2648"
"Roland Groz","a2649"
"Yukun Chen","a2650"
"Raphaël Bailly","a2651"
"Peter D. Grünwald","a2652"
"Bryan R. Conroy","a2653"
"Paul Sajda","a2654"
"Alexander Tsiatas","a2655"
"Fan Chung Graham","a2656"
"Kamalika Chaudhuri","a2657"
"Weijia Wang 0001","a2658"
"Petri Kontkanen","a2659"
"Clément Levrard","a2660"
"Warren B. Powell","a2661"
"Xiaotong Shen","a2662"
"Francesco Orabona","a2663"
"Alfons Juan","a2664"
"Antonio L. Lagarda","a2665"
"Francisco Casacuberta","a2666"
"Jorge Civera","a2667"
"Joshua V. Dillon","a2668"
"Chong Wang 0002","a2669"
"John W. Paisley","a2670"
"Frederik Eaton","a2671"
"Nicolas Le Roux","a2672"
"Davide Ariu","a2673"
"David A. Van Dyk","a2674"
"Adam Coates 0002","a2675"
"Andrew Y. Ng","a2676"
"Lee H. Dicker","a2677"
"Shane T. Jensen","a2678"
"Yongxin Taylor Xi","a2679"
"Zhen James Xiang","a2680"
"Bertrand Haas","a2681"
"Constantine Caramanis","a2682"
"Anicet R. Blanch","a2683"
"David Sánchez-Mendoza","a2684"
"Lluís A. Belanche Muñoz","a2685"
"Antonino Freno","a2686"
"Alejandro H. Toselli","a2687"
"Enrique Vidal 0001","a2688"
"Joan-Andreu Sánchez","a2689"
"Nicolás Serrano","a2690"
"Verónica Romero 0001","a2691"
"Jun Liu 0003","a2692"
"Jesús S. Aguilar-Ruiz","a2693"
"José C. Riquelme","a2694"
"Roberto Ruiz","a2695"
"Dian Gong","a2696"
"Gérard G. Medioni","a2697"
"Nevena Lazic","a2698"
"Parham Aarabi","a2699"
"Don Sheehy","a2700"
"Sivaraman Balakrishnan","a2701"
"Animashree Anandkumar","a2702"
"Elham Salehi","a2703"
"Jayashree Nyayachavadi","a2704"
"Robin Gras","a2705"
"Tian-Hsiang Huang","a2706"
"Bernhard Steffen","a2707"
"Falk Howar","a2708"
"Malte Isberner","a2709"
"Aaron Wilson","a2710"
"Daniel A. Spielman","a2711"
"Huan Wang","a2712"
"John Wright 0001","a2713"
"Hao Shen","a2714"
"Stefanie Jegelka","a2715"
"Rich Caruana","a2716"
"Arnaud Bergeron","a2717"
"François Savard","a2718"
"Frédéric Bastien","a2719"
"Guillaume Sicard","a2720"
"Jeremy Eustache","a2721"
"Moustapha Cissé","a2722"
"Myriam Côté","a2723"
"Nicolas Boulanger-Lewandowski","a2724"
"Razvan Pascanu","a2725"
"Salah Rifai","a2726"
"Sylvain Pannetier Lebeuf","a2727"
"Thomas M. Breuel","a2728"
"Xavier Muller","a2729"
"Youssouf Chherawala","a2730"
"Yin-Wen Chang","a2731"
"Mikhail Belkin","a2732"
"Qichao Que","a2733"
"Yusu Wang","a2734"
"Justin Domke","a2735"
"Denver Dash","a2736"
"Mark Voortman","a2737"
"Tzu-Kuo Huang","a2738"
"Bastian Wemmenhove","a2739"
"Tommaso Rizzo","a2740"
"Bin Li 0027","a2741"
"Peilin Zhao","a2742"
"Carsten Ullrich","a2743"
"Changyong Niu","a2744"
"Heng Luo","a2745"
"Ruimin Shen","a2746"
"Ata Kabán","a2747"
"Robert J. Durrant","a2748"
"Eiji Takimoto","a2749"
"Masayuki Takeda","a2750"
"Shota Yasutake","a2751"
"Naresh Manwani","a2752"
"P. S. Sastry","a2753"
"David Kempe 0001","a2754"
"Mohammad R. Salavatipour","a2755"
"Wiley Greiner","a2756"
"Azadeh Khaleghi","a2757"
"Daniil Ryabko","a2758"
"Gui-Bo Ye","a2759"
"Xiaohui Xie","a2760"
"Yifei Chen","a2761"
"Ian M. Molloy","a2762"
"Nan Ding 0002","a2763"
"Ninghui Li","a2764"
"Yuan (Alan) Qi","a2765"
"Ankur P. Parikh","a2766"
"Chunxia Wang","a2767"
"Juanying Xie","a2768"
"Weixin Xie","a2769"
"Xinbo Gao 0001","a2770"
"Irina Borisova","a2771"
"Nikolay G. Zagoruiko","a2772"
"Olga Kutnenko","a2773"
"Vladimir Dyubanov","a2774"
"Grace Wahba","a2775"
"Héctor Corrada Bravo","a2776"
"Kevin H. Eng","a2777"
"Sündüz Keles","a2778"
"Mingxuan Sun","a2779"
"Arne Mauser","a2780"
"Christian Buck","a2781"
"Christian Oberdörfer","a2782"
"Jens Forster","a2783"
"Johannes Laudenberg","a2784"
"Michael Kramp","a2785"
"Niklas Hoppe","a2786"
"Pascal Steingrube","a2787"
"Patrick Doetsch","a2788"
"Pavlo Golik","a2789"
"Hiroshi Sawada","a2790"
"Katsuhiko Ishiguro","a2791"
"Naonori Ueda","a2792"
"Scott Sanner","a2793"
"Shengbo Guo","a2794"
"Xiao Li 0006","a2795"
"David R. Kaeli","a2796"
"Fatemeh Azmandian","a2797"
"Javed A. Aslam","a2798"
"Nicolas Vayatis","a2799"
"Stéphan Clémençon","a2800"
"Sándor Szedmák","a2801"
"Yizhao Ni","a2802"
"Pierre Baldi","a2803"
"Alexander Grubb","a2804"
"Jialei Wang","a2805"
"Gerald Tesauro","a2806"
"Christian Widmer","a2807"
"Gunnar Rätsch","a2808"
"Bhushan Mandhani","a2809"
"Dmitry Pechyony","a2810"
"Roni Khardon","a2811"
"Rosie Jones","a2812"
"Yuyang Wang","a2813"
"Eric Riedl","a2814"
"Hang Zhang","a2815"
"Jacob Spoelstra","a2816"
"Valery A. Petrushin","a2817"
"Elad Mezuman","a2818"
"Indraneel Mukherjee","a2819"
"Debasis Sengupta","a2820"
"Radhendushka Srivastava","a2821"
"Alexander L. Strehl","a2822"
"James Petterson","a2823"
"Qinfeng Shi","a2824"
"Vishy Vishwanathan","a2825"
"Edwin V. Bonilla","a2826"
"Brent Bryan","a2827"
"Alex Kulesza","a2828"
"Fernando Pereira 0003","a2829"
"Justin Ma","a2830"
"Mark Dredze","a2831"
"Jan Lemeire","a2832"
"Kris Steenhaut","a2833"
"Charles Blundell","a2834"
"Anind K. Dey","a2835"
"Brian D. Ziebart","a2836"
"Kevin M. Peterson","a2837"
"Martial Hebert","a2838"
"Siddhartha S. Srinivasa","a2839"
"Minyoung Kim","a2840"
"Jesse Read","a2841"
"Christopher Meek","a2842"
"Jarkko Venna","a2843"
"Max Dama","a2844"
"Zhiting Xu 0001","a2845"
"Ananth Mohan","a2846"
"Zheng Chen","a2847"
"Alessio Moneta","a2848"
"Nadine Chlass","a2849"
"Shaunak Chatterjee","a2850"
"Stuart Russell 0001","a2851"
"Alexander Ropson","a2852"
"Veselin Stoyanov","a2853"
"Carter T. Butts","a2854"
"Hui Zou","a2855"
"Maxim Raginsky","a2856"
"Svetlana Lazebnik","a2857"
"George Zouridakis","a2858"
"Ning Situ","a2859"
"Xiaojing Yuan","a2860"
"Alexander Borisov","a2861"
"Eugene Tuv","a2862"
"George C. Runger","a2863"
"Dan Cornford","a2864"
"Franziska Meier","a2865"
"Yuki Yamagishi","a2866"
"Haakon Michael Austad","a2867"
"Jaakko Riihimäki","a2868"
"Yang Zhou 0033","a2869"
"John Aldo Lee","a2870"
"Michel Verleysen","a2871"
"Cesar Koirala","a2872"
"Herbert G. Tanner","a2873"
"Jane Chandlee","a2874"
"Jie Fu","a2875"
"Konstantinos Karydis","a2876"
"Chuanren Liu","a2877"
"Hui Xiong 0001","a2878"
"Yong Ge","a2879"
"Sofie Van Landeghem","a2880"
"Wojciech Wieczorek","a2881"
"Carlos M. Carvalho","a2882"
"James G. Scott","a2883"
"Nicholas G. Polson","a2884"
"Hong Qiao","a2885"
"Zhiyong Liu 0001","a2886"
"Christos Dimitrakakis","a2887"
"Gowtham Bellala","a2888"
"Suresh K. Bhavnani","a2889"
"Christopher Leckie","a2890"
"James Bailey 0001","a2891"
"Kotagiri Ramamohanarao","a2892"
"Sergey Demyanov","a2893"
"Cléo Zanella Billa","a2894"
"Fábio N. Kepler","a2895"
"Sérgio L. S. Mergen","a2896"
"Kazuyuki Aihara","a2897"
"Sainbayar Sukhbaatar","a2898"
"Takaki Makino","a2899"
"Takashi Chikayama","a2900"
"David Warde-Farley","a2901"
"Erick Lavoie","a2902"
"Grégoire Mesnil","a2903"
"Ian J. Goodfellow","a2904"
"Yann N. Dauphin","a2905"
"André Filipe Torres Martins","a2906"
"Mário A. T. Figueiredo","a2907"
"Noah A. Smith","a2908"
"Pedro M. Q. Aguiar","a2909"
"Yang Xu 0023","a2910"
"Adam R. Klivans","a2911"
"Parikshit Gopalan","a2912"
"Raghu Meka","a2913"
"Alexander Ilin","a2914"
"Jaakko Luttinen","a2915"
